market,year,production_qbtu,consumption_qbtu,net_petroleum_position,petroleum_surplus,production_series_id,consumption_series_id
AUS,1980,0.0,1.225279062,-1.0,0,INTL.4415-1-AUS-QBTU.A,INTL.4415-2-AUS-QBTU.A
AUS,1981,0.0,1.195341055,-1.0,0,INTL.4415-1-AUS-QBTU.A,INTL.4415-2-AUS-QBTU.A
AUS,1982,0.0,1.26261968,-1.0,0,INTL.4415-1-AUS-QBTU.A,INTL.4415-2-AUS-QBTU.A
AUS,1983,0.0,1.21632527,-1.0,0,INTL.4415-1-AUS-QBTU.A,INTL.4415-2-AUS-QBTU.A
AUS,1984,1.1180301054658142,1.289833148610852,-0.13319788170281519,0,INTL.4415-1-AUS-QBTU.A,INTL.4415-2-AUS-QBTU.A
AUS,1985,1.208757190285889,1.28584508588938,-0.05995115309724242,0,INTL.4415-1-AUS-QBTU.A,INTL.4415-2-AUS-QBTU.A
AUS,1986,1.1542958826132688,1.2954069417487,-0.10893183800987055,0,INTL.4415-1-AUS-QBTU.A,INTL.4415-2-AUS-QBTU.A
AUS,1987,1.2380515566862886,1.32661399268336,-0.06675825559320005,0,INTL.4415-1-AUS-QBTU.A,INTL.4415-2-AUS-QBTU.A
AUS,1988,1.170529874279755,1.396856238139572,-0.16202552394457845,0,INTL.4415-1-AUS-QBTU.A,INTL.4415-2-AUS-QBTU.A
AUS,1989,1.1005266857202582,1.450944062165015,-0.24150991453239357,0,INTL.4415-1-AUS-QBTU.A,INTL.4415-2-AUS-QBTU.A
AUS,1990,1.2780914463460773,1.475459823734725,-0.13376736812057907,0,INTL.4415-1-AUS-QBTU.A,INTL.4415-2-AUS-QBTU.A
AUS,1991,1.209723977088457,1.442688668116185,-0.1614795320544977,0,INTL.4415-1-AUS-QBTU.A,INTL.4415-2-AUS-QBTU.A
AUS,1992,1.1948578150907008,1.460019118714782,-0.18161495299972236,0,INTL.4415-1-AUS-QBTU.A,INTL.4415-2-AUS-QBTU.A
AUS,1993,1.1131660163292465,1.516703835770975,-0.2660623715219927,0,INTL.4415-1-AUS-QBTU.A,INTL.4415-2-AUS-QBTU.A
AUS,1994,1.1998470722957322,1.570986003499725,-0.2362458547544009,0,INTL.4415-1-AUS-QBTU.A,INTL.4415-2-AUS-QBTU.A
AUS,1995,1.1498554387561184,1.6151446489282,-0.2880789720480111,0,INTL.4415-1-AUS-QBTU.A,INTL.4415-2-AUS-QBTU.A
AUS,1996,1.2029204003440293,1.665311362814406,-0.2776603659804061,0,INTL.4415-1-AUS-QBTU.A,INTL.4415-2-AUS-QBTU.A
AUS,1997,1.2859400689828067,1.694436242753505,-0.24108087602451236,0,INTL.4415-1-AUS-QBTU.A,INTL.4415-2-AUS-QBTU.A
AUS,1998,1.237034181092471,1.701952655665625,-0.27316768949211856,0,INTL.4415-1-AUS-QBTU.A,INTL.4415-2-AUS-QBTU.A
AUS,1999,1.2172087523169732,1.748654110655105,-0.3039167981248358,0,INTL.4415-1-AUS-QBTU.A,INTL.4415-2-AUS-QBTU.A
AUS,2000,1.5983694076149872,1.748792672430486,-0.08601549353843035,0,INTL.4415-1-AUS-QBTU.A,INTL.4415-2-AUS-QBTU.A
AUS,2001,1.4639962789023946,1.74202137273997,-0.1595991290280662,0,INTL.4415-1-AUS-QBTU.A,INTL.4415-2-AUS-QBTU.A
AUS,2002,1.416402903633632,1.787929272373455,-0.20779701662729982,0,INTL.4415-1-AUS-QBTU.A,INTL.4415-2-AUS-QBTU.A
AUS,2003,1.2111981699824863,1.857243477882685,-0.3478517036639215,0,INTL.4415-1-AUS-QBTU.A,INTL.4415-2-AUS-QBTU.A
AUS,2004,1.0504222183834566,1.898587413360258,-0.44673486667419593,0,INTL.4415-1-AUS-QBTU.A,INTL.4415-2-AUS-QBTU.A
AUS,2005,1.0682013709560778,1.927918573184805,-0.44593024528443975,0,INTL.4415-1-AUS-QBTU.A,INTL.4415-2-AUS-QBTU.A
AUS,2006,1.0280120849528935,1.952886288194245,-0.47359347486460424,0,INTL.4415-1-AUS-QBTU.A,INTL.4415-2-AUS-QBTU.A
AUS,2007,1.0401905003925416,1.989092958699265,-0.4770528467041795,0,INTL.4415-1-AUS-QBTU.A,INTL.4415-2-AUS-QBTU.A
AUS,2008,1.0521188242397423,2.015603484102006,-0.4780129958405567,0,INTL.4415-1-AUS-QBTU.A,INTL.4415-2-AUS-QBTU.A
AUS,2009,1.0642934923118865,2.028169894093315,-0.4752444085618998,0,INTL.4415-1-AUS-QBTU.A,INTL.4415-2-AUS-QBTU.A
AUS,2010,1.0850688613366222,2.116067997380955,-0.48722401043841423,0,INTL.4415-1-AUS-QBTU.A,INTL.4415-2-AUS-QBTU.A
AUS,2011,0.9334160262674285,2.218009079620235,-0.5791649209897523,0,INTL.4415-1-AUS-QBTU.A,INTL.4415-2-AUS-QBTU.A
AUS,2012,0.9219291686767142,2.284966959719988,-0.596524070181876,0,INTL.4415-1-AUS-QBTU.A,INTL.4415-2-AUS-QBTU.A
AUS,2013,0.7720488610437904,2.30913868200832,-0.6656550483263661,0,INTL.4415-1-AUS-QBTU.A,INTL.4415-2-AUS-QBTU.A
AUS,2014,0.8104648530820934,2.269492035976275,-0.6428871129598597,0,INTL.4415-1-AUS-QBTU.A,INTL.4415-2-AUS-QBTU.A
AUS,2015,0.7327022467436101,2.243991563686945,-0.6734826197208341,0,INTL.4415-1-AUS-QBTU.A,INTL.4415-2-AUS-QBTU.A
AUS,2016,0.6782327669289921,2.234593882833264,-0.6964849979500284,0,INTL.4415-1-AUS-QBTU.A,INTL.4415-2-AUS-QBTU.A
AUS,2017,0.6167711888535155,2.335261022604905,-0.7358876875504359,0,INTL.4415-1-AUS-QBTU.A,INTL.4415-2-AUS-QBTU.A
AUS,2018,0.6692246608684272,2.384637755337015,-0.7193600330403862,0,INTL.4415-1-AUS-QBTU.A,INTL.4415-2-AUS-QBTU.A
AUS,2019,0.8783127844265455,2.349565311530185,-0.6261807321906141,0,INTL.4415-1-AUS-QBTU.A,INTL.4415-2-AUS-QBTU.A
AUS,2020,0.8775323151676216,2.03679790133061,-0.5691608310307357,0,INTL.4415-1-AUS-QBTU.A,INTL.4415-2-AUS-QBTU.A
AUS,2021,0.8412098983775597,2.081794020387275,-0.5959206866099703,0,INTL.4415-1-AUS-QBTU.A,INTL.4415-2-AUS-QBTU.A
AUS,2022,0.7928365497119458,2.18302506615008,-0.636817477725911,0,INTL.4415-1-AUS-QBTU.A,INTL.4415-2-AUS-QBTU.A
AUS,2023,0.7292850700419029,2.294298191494885,-0.6821315238161234,0,INTL.4415-1-AUS-QBTU.A,INTL.4415-2-AUS-QBTU.A
AUS,2024,0.7076724061708852,2.361109190531256,-0.7002796782932106,0,INTL.4415-1-AUS-QBTU.A,INTL.4415-2-AUS-QBTU.A
BEL,1980,0.0,1.12837983,-1.0,0,INTL.4415-1-BEL-QBTU.A,INTL.4415-2-BEL-QBTU.A
BEL,1981,0.0,1.031169895,-1.0,0,INTL.4415-1-BEL-QBTU.A,INTL.4415-2-BEL-QBTU.A
BEL,1982,0.0,0.955138205,-1.0,0,INTL.4415-1-BEL-QBTU.A,INTL.4415-2-BEL-QBTU.A
BEL,1983,0.0,0.870128975,-1.0,0,INTL.4415-1-BEL-QBTU.A,INTL.4415-2-BEL-QBTU.A
BEL,1984,0.0,0.813053147349768,-1.0,0,INTL.4415-1-BEL-QBTU.A,INTL.4415-2-BEL-QBTU.A
BEL,1985,0.0,0.852212849048665,-1.0,0,INTL.4415-1-BEL-QBTU.A,INTL.4415-2-BEL-QBTU.A
BEL,1986,0.0,0.959582871705075,-1.0,0,INTL.4415-1-BEL-QBTU.A,INTL.4415-2-BEL-QBTU.A
BEL,1987,0.0,0.9643301763899,-1.0,0,INTL.4415-1-BEL-QBTU.A,INTL.4415-2-BEL-QBTU.A
BEL,1988,0.0,0.99490406411562,-1.0,0,INTL.4415-1-BEL-QBTU.A,INTL.4415-2-BEL-QBTU.A
BEL,1989,0.0,0.97529988496786,-1.0,0,INTL.4415-1-BEL-QBTU.A,INTL.4415-2-BEL-QBTU.A
BEL,1990,0.0,0.98548123408053,-1.0,0,INTL.4415-1-BEL-QBTU.A,INTL.4415-2-BEL-QBTU.A
BEL,1991,0.0,1.053178479507365,-1.0,0,INTL.4415-1-BEL-QBTU.A,INTL.4415-2-BEL-QBTU.A
BEL,1992,0.0,1.069960038704472,-1.0,0,INTL.4415-1-BEL-QBTU.A,INTL.4415-2-BEL-QBTU.A
BEL,1993,0.0,1.05329175055487,-1.0,0,INTL.4415-1-BEL-QBTU.A,INTL.4415-2-BEL-QBTU.A
BEL,1994,0.0,1.163616094709875,-1.0,0,INTL.4415-1-BEL-QBTU.A,INTL.4415-2-BEL-QBTU.A
BEL,1995,0.0,1.15980596985629,-1.0,0,INTL.4415-1-BEL-QBTU.A,INTL.4415-2-BEL-QBTU.A
BEL,1996,0.0,1.251783807981036,-1.0,0,INTL.4415-1-BEL-QBTU.A,INTL.4415-2-BEL-QBTU.A
BEL,1997,0.0,1.281523313721435,-1.0,0,INTL.4415-1-BEL-QBTU.A,INTL.4415-2-BEL-QBTU.A
BEL,1998,0.0,1.305179364806065,-1.0,0,INTL.4415-1-BEL-QBTU.A,INTL.4415-2-BEL-QBTU.A
BEL,1999,0.0,1.26542319365983,-1.0,0,INTL.4415-1-BEL-QBTU.A,INTL.4415-2-BEL-QBTU.A
BEL,2000,0.0,1.298991624928926,-1.0,0,INTL.4415-1-BEL-QBTU.A,INTL.4415-2-BEL-QBTU.A
BEL,2001,0.0,1.31344308957292,-1.0,0,INTL.4415-1-BEL-QBTU.A,INTL.4415-2-BEL-QBTU.A
BEL,2002,0.0,1.319759315504255,-1.0,0,INTL.4415-1-BEL-QBTU.A,INTL.4415-2-BEL-QBTU.A
BEL,2003,0.0,1.38875615054056,-1.0,0,INTL.4415-1-BEL-QBTU.A,INTL.4415-2-BEL-QBTU.A
BEL,2004,0.0,1.4175654835224,-1.0,0,INTL.4415-1-BEL-QBTU.A,INTL.4415-2-BEL-QBTU.A
BEL,2005,0.0,1.411576401940075,-1.0,0,INTL.4415-1-BEL-QBTU.A,INTL.4415-2-BEL-QBTU.A
BEL,2006,0.0,1.385216672181035,-1.0,0,INTL.4415-1-BEL-QBTU.A,INTL.4415-2-BEL-QBTU.A
BEL,2007,0.0,1.39198850030891,-1.0,0,INTL.4415-1-BEL-QBTU.A,INTL.4415-2-BEL-QBTU.A
BEL,2008,0.0,1.490264700819168,-1.0,0,INTL.4415-1-BEL-QBTU.A,INTL.4415-2-BEL-QBTU.A
BEL,2009,0.0,1.312678864993505,-1.0,0,INTL.4415-1-BEL-QBTU.A,INTL.4415-2-BEL-QBTU.A
BEL,2010,0.0,1.382156232585925,-1.0,0,INTL.4415-1-BEL-QBTU.A,INTL.4415-2-BEL-QBTU.A
BEL,2011,0.0,1.286276187090445,-1.0,0,INTL.4415-1-BEL-QBTU.A,INTL.4415-2-BEL-QBTU.A
BEL,2012,0.0,1.25343768710622,-1.0,0,INTL.4415-1-BEL-QBTU.A,INTL.4415-2-BEL-QBTU.A
BEL,2013,0.0,1.288699937474095,-1.0,0,INTL.4415-1-BEL-QBTU.A,INTL.4415-2-BEL-QBTU.A
BEL,2014,0.0,1.26330192455194,-1.0,0,INTL.4415-1-BEL-QBTU.A,INTL.4415-2-BEL-QBTU.A
BEL,2015,0.0,1.296420529683855,-1.0,0,INTL.4415-1-BEL-QBTU.A,INTL.4415-2-BEL-QBTU.A
BEL,2016,0.0,1.326163524582534,-1.0,0,INTL.4415-1-BEL-QBTU.A,INTL.4415-2-BEL-QBTU.A
BEL,2017,0.0,1.33675403855809,-1.0,0,INTL.4415-1-BEL-QBTU.A,INTL.4415-2-BEL-QBTU.A
BEL,2018,0.0,1.425078378675735,-1.0,0,INTL.4415-1-BEL-QBTU.A,INTL.4415-2-BEL-QBTU.A
BEL,2019,0.0,1.326806313272985,-1.0,0,INTL.4415-1-BEL-QBTU.A,INTL.4415-2-BEL-QBTU.A
BEL,2020,0.0,1.160151900954444,-1.0,0,INTL.4415-1-BEL-QBTU.A,INTL.4415-2-BEL-QBTU.A
BEL,2021,0.0,1.286245160783745,-1.0,0,INTL.4415-1-BEL-QBTU.A,INTL.4415-2-BEL-QBTU.A
BEL,2022,0.0,1.24650752077876,-1.0,0,INTL.4415-1-BEL-QBTU.A,INTL.4415-2-BEL-QBTU.A
BEL,2023,0.0,1.20980582637265,-1.0,0,INTL.4415-1-BEL-QBTU.A,INTL.4415-2-BEL-QBTU.A
BEL,2024,0.0,1.235021054011758,-1.0,0,INTL.4415-1-BEL-QBTU.A,INTL.4415-2-BEL-QBTU.A
BRA,1980,0.0,2.2569141276321973,-1.0,0,INTL.4415-1-BRA-QBTU.A,INTL.4415-2-BRA-QBTU.A
BRA,1981,0.0,2.1260920770471516,-1.0,0,INTL.4415-1-BRA-QBTU.A,INTL.4415-2-BRA-QBTU.A
BRA,1982,0.0,2.0931842492677197,-1.0,0,INTL.4415-1-BRA-QBTU.A,INTL.4415-2-BRA-QBTU.A
BRA,1983,0.0,1.913494312993911,-1.0,0,INTL.4415-1-BRA-QBTU.A,INTL.4415-2-BRA-QBTU.A
BRA,1984,1.0165093514523944,1.955577150663677,-0.48019982177260817,0,INTL.4415-1-BRA-QBTU.A,INTL.4415-2-BRA-QBTU.A
BRA,1985,1.2057238829787194,2.0203358266609923,-0.40320620608336266,0,INTL.4415-1-BRA-QBTU.A,INTL.4415-2-BRA-QBTU.A
BRA,1986,1.2664739150000077,2.3114048704,-0.4520761242573491,0,INTL.4415-1-BRA-QBTU.A,INTL.4415-2-BRA-QBTU.A
BRA,1987,1.2585759710053768,2.31016321795,-0.4552004112842659,0,INTL.4415-1-BRA-QBTU.A,INTL.4415-2-BRA-QBTU.A
BRA,1988,1.2342228804225694,2.40156268707,-0.486075093076846,0,INTL.4415-1-BRA-QBTU.A,INTL.4415-2-BRA-QBTU.A
BRA,1989,1.317861429198487,2.39506672132,-0.44976003488029337,0,INTL.4415-1-BRA-QBTU.A,INTL.4415-2-BRA-QBTU.A
BRA,1990,1.3960115550147072,3.04952638745,-0.5422202081084316,0,INTL.4415-1-BRA-QBTU.A,INTL.4415-2-BRA-QBTU.A
BRA,1991,1.3800700739776395,2.65635602361,-0.4804649445663846,0,INTL.4415-1-BRA-QBTU.A,INTL.4415-2-BRA-QBTU.A
BRA,1992,1.3973063958592358,2.76761291325,-0.4951221721904806,0,INTL.4415-1-BRA-QBTU.A,INTL.4415-2-BRA-QBTU.A
BRA,1993,1.4283421093636057,2.87170246198,-0.5026148675657773,0,INTL.4415-1-BRA-QBTU.A,INTL.4415-2-BRA-QBTU.A
BRA,1994,1.4666215392322217,3.07172023504,-0.5225406524650109,0,INTL.4415-1-BRA-QBTU.A,INTL.4415-2-BRA-QBTU.A
BRA,1995,1.519490019512548,3.2997929992,-0.5395195941439562,0,INTL.4415-1-BRA-QBTU.A,INTL.4415-2-BRA-QBTU.A
BRA,1996,1.7182670528954973,3.52750695411,-0.5128947794437386,0,INTL.4415-1-BRA-QBTU.A,INTL.4415-2-BRA-QBTU.A
BRA,1997,1.8428628935518276,3.81480603088,-0.516918323334328,0,INTL.4415-1-BRA-QBTU.A,INTL.4415-2-BRA-QBTU.A
BRA,1998,2.1321539671808765,3.94932147481,-0.46012144597991905,0,INTL.4415-1-BRA-QBTU.A,INTL.4415-2-BRA-QBTU.A
BRA,1999,2.417196134441063,4.0683827056299995,-0.4058582219671603,0,INTL.4415-1-BRA-QBTU.A,INTL.4415-2-BRA-QBTU.A
BRA,2000,2.7205150883460085,4.2244228771999985,-0.356003135237919,0,INTL.4415-1-BRA-QBTU.A,INTL.4415-2-BRA-QBTU.A
BRA,2001,2.8508404717545686,4.241280327635,-0.32783493390444224,0,INTL.4415-1-BRA-QBTU.A,INTL.4415-2-BRA-QBTU.A
BRA,2002,3.2003650499608254,4.185626645285,-0.23539165788569463,0,INTL.4415-1-BRA-QBTU.A,INTL.4415-2-BRA-QBTU.A
BRA,2003,3.3116399019505285,4.04954020843,-0.18221829355919744,0,INTL.4415-1-BRA-QBTU.A,INTL.4415-2-BRA-QBTU.A
BRA,2004,3.298091275886661,4.182653525125,-0.21148351015086847,0,INTL.4415-1-BRA-QBTU.A,INTL.4415-2-BRA-QBTU.A
BRA,2005,3.637214550136935,4.242421007609999,-0.14265591660692156,0,INTL.4415-1-BRA-QBTU.A,INTL.4415-2-BRA-QBTU.A
BRA,2006,3.852398426020663,4.467705011548292,-0.13772318985634927,0,INTL.4415-1-BRA-QBTU.A,INTL.4415-2-BRA-QBTU.A
BRA,2007,3.909580811862608,4.706970294727747,-0.16940610051401667,0,INTL.4415-1-BRA-QBTU.A,INTL.4415-2-BRA-QBTU.A
BRA,2008,4.054390132207941,4.974244387452635,-0.1849234142104066,0,INTL.4415-1-BRA-QBTU.A,INTL.4415-2-BRA-QBTU.A
BRA,2009,4.329291321464533,4.975179919157856,-0.1298221588341377,0,INTL.4415-1-BRA-QBTU.A,INTL.4415-2-BRA-QBTU.A
BRA,2010,4.5606100082216265,5.376638699183066,-0.151773019653604,0,INTL.4415-1-BRA-QBTU.A,INTL.4415-2-BRA-QBTU.A
BRA,2011,4.677433187809394,5.5635147097904065,-0.15926650116009008,0,INTL.4415-1-BRA-QBTU.A,INTL.4415-2-BRA-QBTU.A
BRA,2012,4.595127832878543,5.835988553937319,-0.21262219923677103,0,INTL.4415-1-BRA-QBTU.A,INTL.4415-2-BRA-QBTU.A
BRA,2013,4.505808749193312,6.108487701635142,-0.2623691870596415,0,INTL.4415-1-BRA-QBTU.A,INTL.4415-2-BRA-QBTU.A
BRA,2014,5.005801228648081,6.300143609092206,-0.20544648832705395,0,INTL.4415-1-BRA-QBTU.A,INTL.4415-2-BRA-QBTU.A
BRA,2015,5.396806496437021,6.09318113947147,-0.11428753340736127,0,INTL.4415-1-BRA-QBTU.A,INTL.4415-2-BRA-QBTU.A
BRA,2016,5.579731625796889,5.874295309884825,-0.050144514115976924,0,INTL.4415-1-BRA-QBTU.A,INTL.4415-2-BRA-QBTU.A
BRA,2017,5.8276987699513825,5.952095181050761,-0.020899600445807725,0,INTL.4415-1-BRA-QBTU.A,INTL.4415-2-BRA-QBTU.A
BRA,2018,5.746237228870767,5.762266170684382,-0.002781707984119602,0,INTL.4415-1-BRA-QBTU.A,INTL.4415-2-BRA-QBTU.A
BRA,2019,6.173854597991214,5.66254594,0.09029660216605925,1,INTL.4415-1-BRA-QBTU.A,INTL.4415-2-BRA-QBTU.A
BRA,2020,6.514798752133119,5.29552302,0.23024651720485187,1,INTL.4415-1-BRA-QBTU.A,INTL.4415-2-BRA-QBTU.A
BRA,2021,6.4076530322536405,5.71840538,0.12053144302505542,1,INTL.4415-1-BRA-QBTU.A,INTL.4415-2-BRA-QBTU.A
BRA,2022,6.660105720552653,5.98085469,0.11357089676302647,1,INTL.4415-1-BRA-QBTU.A,INTL.4415-2-BRA-QBTU.A
BRA,2023,7.46177827058425,6.12184999,0.21887636625742435,1,INTL.4415-1-BRA-QBTU.A,INTL.4415-2-BRA-QBTU.A
BRA,2024,7.377781401669193,6.30909926,0.1693874351358981,1,INTL.4415-1-BRA-QBTU.A,INTL.4415-2-BRA-QBTU.A
CAN,1980,0.0,3.896123436,-1.0,0,INTL.4415-1-CAN-QBTU.A,INTL.4415-2-CAN-QBTU.A
CAN,1981,0.0,3.658928995,-1.0,0,INTL.4415-1-CAN-QBTU.A,INTL.4415-2-CAN-QBTU.A
CAN,1982,0.0,3.253608905,-1.0,0,INTL.4415-1-CAN-QBTU.A,INTL.4415-2-CAN-QBTU.A
CAN,1983,0.0,2.97229282,-1.0,0,INTL.4415-1-CAN-QBTU.A,INTL.4415-2-CAN-QBTU.A
CAN,1984,3.2645923711821867,3.042406885267788,0.07302951061223428,1,INTL.4415-1-CAN-QBTU.A,INTL.4415-2-CAN-QBTU.A
CAN,1985,3.2528870550645945,3.03717518186991,0.07102384955677009,1,INTL.4415-1-CAN-QBTU.A,INTL.4415-2-CAN-QBTU.A
CAN,1986,3.207350467931093,3.04898285592874,0.051941129053712946,1,INTL.4415-1-CAN-QBTU.A,INTL.4415-2-CAN-QBTU.A
CAN,1987,3.412034604554035,3.18413722093354,0.07157272686686503,1,INTL.4415-1-CAN-QBTU.A,INTL.4415-2-CAN-QBTU.A
CAN,1988,3.5590003339883665,3.335804649969162,0.06690909913482726,1,INTL.4415-1-CAN-QBTU.A,INTL.4415-2-CAN-QBTU.A
CAN,1989,3.4592315574034984,3.482987513584455,-0.006820568861732319,0,INTL.4415-1-CAN-QBTU.A,INTL.4415-2-CAN-QBTU.A
CAN,1990,3.447901001079295,3.36326273279584,0.025165523780860323,1,INTL.4415-1-CAN-QBTU.A,INTL.4415-2-CAN-QBTU.A
CAN,1991,3.428170590035614,3.238747028984725,0.058486679989412156,1,INTL.4415-1-CAN-QBTU.A,INTL.4415-2-CAN-QBTU.A
CAN,1992,3.585662160843066,3.329692129534332,0.07687498463845441,1,INTL.4415-1-CAN-QBTU.A,INTL.4415-2-CAN-QBTU.A
CAN,1993,3.7687204287831935,3.35885842183214,0.12202419854525695,1,INTL.4415-1-CAN-QBTU.A,INTL.4415-2-CAN-QBTU.A
CAN,1994,3.9479559565287357,3.416218390709135,0.15565092889428042,1,INTL.4415-1-CAN-QBTU.A,INTL.4415-2-CAN-QBTU.A
CAN,1995,4.103603157774484,3.49790875885723,0.1731590046148415,1,INTL.4415-1-CAN-QBTU.A,INTL.4415-2-CAN-QBTU.A
CAN,1996,4.255646431737596,3.623082718533036,0.1745926776578487,1,INTL.4415-1-CAN-QBTU.A,INTL.4415-2-CAN-QBTU.A
CAN,1997,4.449128381734852,3.78097206330039,0.1767154867183101,1,INTL.4415-1-CAN-QBTU.A,INTL.4415-2-CAN-QBTU.A
CAN,1998,4.582809735107339,3.79192903222203,0.20856948960931923,1,INTL.4415-1-CAN-QBTU.A,INTL.4415-2-CAN-QBTU.A
CAN,1999,4.380569034606764,3.94785924353146,0.10960618512027649,1,INTL.4415-1-CAN-QBTU.A,INTL.4415-2-CAN-QBTU.A
CAN,2000,4.6342958272460475,3.9256191815808,0.18052608082576974,1,INTL.4415-1-CAN-QBTU.A,INTL.4415-2-CAN-QBTU.A
CAN,2001,4.595510774852214,3.9527509559516,0.16261075541144834,1,INTL.4415-1-CAN-QBTU.A,INTL.4415-2-CAN-QBTU.A
CAN,2002,4.694548076759585,4.15539831891783,0.12974682965703344,1,INTL.4415-1-CAN-QBTU.A,INTL.4415-2-CAN-QBTU.A
CAN,2003,4.850080847753664,4.385637080914135,0.10590109447513177,1,INTL.4415-1-CAN-QBTU.A,INTL.4415-2-CAN-QBTU.A
CAN,2004,4.837980211662519,4.549588498882182,0.06338852686373585,1,INTL.4415-1-CAN-QBTU.A,INTL.4415-2-CAN-QBTU.A
CAN,2005,4.854162542972259,4.745881860219905,0.022815713905557825,1,INTL.4415-1-CAN-QBTU.A,INTL.4415-2-CAN-QBTU.A
CAN,2006,4.990781545722941,4.73616809918655,0.053759377033117034,1,INTL.4415-1-CAN-QBTU.A,INTL.4415-2-CAN-QBTU.A
CAN,2007,5.089281059042464,4.915017450611845,0.03545533870056258,1,INTL.4415-1-CAN-QBTU.A,INTL.4415-2-CAN-QBTU.A
CAN,2008,6.471010523516837,4.765681122199782,0.35783539804482245,1,INTL.4415-1-CAN-QBTU.A,INTL.4415-2-CAN-QBTU.A
CAN,2009,6.399420530119609,4.641233396868125,0.37881894378289566,1,INTL.4415-1-CAN-QBTU.A,INTL.4415-2-CAN-QBTU.A
CAN,2010,6.679306141390847,4.886501268015945,0.36688926801462385,1,INTL.4415-1-CAN-QBTU.A,INTL.4415-2-CAN-QBTU.A
CAN,2011,7.00986048196716,4.93190324646018,0.42132968382914054,1,INTL.4415-1-CAN-QBTU.A,INTL.4415-2-CAN-QBTU.A
CAN,2012,7.562017520619024,5.014065422717928,0.5081609199506519,1,INTL.4415-1-CAN-QBTU.A,INTL.4415-2-CAN-QBTU.A
CAN,2013,7.97976808420725,4.959678479231645,0.6089285056727062,1,INTL.4415-1-CAN-QBTU.A,INTL.4415-2-CAN-QBTU.A
CAN,2014,8.629165327135663,4.89685958440715,0.7621835338332196,1,INTL.4415-1-CAN-QBTU.A,INTL.4415-2-CAN-QBTU.A
CAN,2015,8.824457343386554,4.98920828083734,0.7687089507326689,1,INTL.4415-1-CAN-QBTU.A,INTL.4415-2-CAN-QBTU.A
CAN,2016,8.970339938926722,5.068356707310828,0.7698714705670767,1,INTL.4415-1-CAN-QBTU.A,INTL.4415-2-CAN-QBTU.A
CAN,2017,9.702707817065399,5.053250085915085,0.9200925448177875,1,INTL.4415-1-CAN-QBTU.A,INTL.4415-2-CAN-QBTU.A
CAN,2018,10.526655655778354,5.15403711331991,1.0424097507124348,1,INTL.4415-1-CAN-QBTU.A,INTL.4415-2-CAN-QBTU.A
CAN,2019,10.744366071845963,5.150677072238085,1.0860104256501748,1,INTL.4415-1-CAN-QBTU.A,INTL.4415-2-CAN-QBTU.A
CAN,2020,10.273098242073033,4.562452668596526,1.251661329614008,1,INTL.4415-1-CAN-QBTU.A,INTL.4415-2-CAN-QBTU.A
CAN,2021,10.84909825009665,4.601154994661495,1.3579075824840399,1,INTL.4415-1-CAN-QBTU.A,INTL.4415-2-CAN-QBTU.A
CAN,2022,11.146676124470583,4.82295158450748,1.311173133123807,1,INTL.4415-1-CAN-QBTU.A,INTL.4415-2-CAN-QBTU.A
CAN,2023,11.273989793892975,4.90985144533122,1.2961977402826348,1,INTL.4415-1-CAN-QBTU.A,INTL.4415-2-CAN-QBTU.A
CAN,2024,11.773598704395527,4.904141124062736,1.4007463094051273,1,INTL.4415-1-CAN-QBTU.A,INTL.4415-2-CAN-QBTU.A
CHE,1980,0.0,0.643651626,-1.0,0,INTL.4415-1-CHE-QBTU.A,INTL.4415-2-CHE-QBTU.A
CHE,1981,0.0,0.52131125,-1.0,0,INTL.4415-1-CHE-QBTU.A,INTL.4415-2-CHE-QBTU.A
CHE,1982,0.0,0.491323215,-1.0,0,INTL.4415-1-CHE-QBTU.A,INTL.4415-2-CHE-QBTU.A
CHE,1983,0.0,0.53757638,-1.0,0,INTL.4415-1-CHE-QBTU.A,INTL.4415-2-CHE-QBTU.A
CHE,1984,0.0,0.514624276260738,-1.0,0,INTL.4415-1-CHE-QBTU.A,INTL.4415-2-CHE-QBTU.A
CHE,1985,0.0,0.560476345571595,-1.0,0,INTL.4415-1-CHE-QBTU.A,INTL.4415-2-CHE-QBTU.A
CHE,1986,0.0,0.561584637962015,-1.0,0,INTL.4415-1-CHE-QBTU.A,INTL.4415-2-CHE-QBTU.A
CHE,1987,0.0,0.541773907122055,-1.0,0,INTL.4415-1-CHE-QBTU.A,INTL.4415-2-CHE-QBTU.A
CHE,1988,0.0,0.544524120228702,-1.0,0,INTL.4415-1-CHE-QBTU.A,INTL.4415-2-CHE-QBTU.A
CHE,1989,0.0,0.53601236673183,-1.0,0,INTL.4415-1-CHE-QBTU.A,INTL.4415-2-CHE-QBTU.A
CHE,1990,0.0,0.53371953672358,-1.0,0,INTL.4415-1-CHE-QBTU.A,INTL.4415-2-CHE-QBTU.A
CHE,1991,0.0,0.561744816863705,-1.0,0,INTL.4415-1-CHE-QBTU.A,INTL.4415-2-CHE-QBTU.A
CHE,1992,0.0,0.568047920707932,-1.0,0,INTL.4415-1-CHE-QBTU.A,INTL.4415-2-CHE-QBTU.A
CHE,1993,0.0,0.537557729227445,-1.0,0,INTL.4415-1-CHE-QBTU.A,INTL.4415-2-CHE-QBTU.A
CHE,1994,0.0,0.529969621476485,-1.0,0,INTL.4415-1-CHE-QBTU.A,INTL.4415-2-CHE-QBTU.A
CHE,1995,0.0,0.53820005842657,-1.0,0,INTL.4415-1-CHE-QBTU.A,INTL.4415-2-CHE-QBTU.A
CHE,1996,0.0,0.546653839279362,-1.0,0,INTL.4415-1-CHE-QBTU.A,INTL.4415-2-CHE-QBTU.A
CHE,1997,0.0,0.540624015601335,-1.0,0,INTL.4415-1-CHE-QBTU.A,INTL.4415-2-CHE-QBTU.A
CHE,1998,0.0,0.56115469182608,-1.0,0,INTL.4415-1-CHE-QBTU.A,INTL.4415-2-CHE-QBTU.A
CHE,1999,0.0,0.56628098046719,-1.0,0,INTL.4415-1-CHE-QBTU.A,INTL.4415-2-CHE-QBTU.A
CHE,2000,0.0,0.551886899575794,-1.0,0,INTL.4415-1-CHE-QBTU.A,INTL.4415-2-CHE-QBTU.A
CHE,2001,0.0,0.563703760059605,-1.0,0,INTL.4415-1-CHE-QBTU.A,INTL.4415-2-CHE-QBTU.A
CHE,2002,0.0,0.53585662001127,-1.0,0,INTL.4415-1-CHE-QBTU.A,INTL.4415-2-CHE-QBTU.A
CHE,2003,0.0,0.541905574493315,-1.0,0,INTL.4415-1-CHE-QBTU.A,INTL.4415-2-CHE-QBTU.A
CHE,2004,0.0,0.541211929283892,-1.0,0,INTL.4415-1-CHE-QBTU.A,INTL.4415-2-CHE-QBTU.A
CHE,2005,0.0,0.54435330054035,-1.0,0,INTL.4415-1-CHE-QBTU.A,INTL.4415-2-CHE-QBTU.A
CHE,2006,0.0,0.542980327182655,-1.0,0,INTL.4415-1-CHE-QBTU.A,INTL.4415-2-CHE-QBTU.A
CHE,2007,0.0,0.519271781986,-1.0,0,INTL.4415-1-CHE-QBTU.A,INTL.4415-2-CHE-QBTU.A
CHE,2008,0.0,0.537258876716442,-1.0,0,INTL.4415-1-CHE-QBTU.A,INTL.4415-2-CHE-QBTU.A
CHE,2009,0.0,0.5223070208956,-1.0,0,INTL.4415-1-CHE-QBTU.A,INTL.4415-2-CHE-QBTU.A
CHE,2010,0.0,0.533303783437445,-1.0,0,INTL.4415-1-CHE-QBTU.A,INTL.4415-2-CHE-QBTU.A
CHE,2011,0.0,0.49431271108468,-1.0,0,INTL.4415-1-CHE-QBTU.A,INTL.4415-2-CHE-QBTU.A
CHE,2012,0.0,0.504236544011772,-1.0,0,INTL.4415-1-CHE-QBTU.A,INTL.4415-2-CHE-QBTU.A
CHE,2013,0.0,0.51420436336269,-1.0,0,INTL.4415-1-CHE-QBTU.A,INTL.4415-2-CHE-QBTU.A
CHE,2014,0.0,0.471598212441865,-1.0,0,INTL.4415-1-CHE-QBTU.A,INTL.4415-2-CHE-QBTU.A
CHE,2015,0.0,0.4650528691186,-1.0,0,INTL.4415-1-CHE-QBTU.A,INTL.4415-2-CHE-QBTU.A
CHE,2016,0.0,0.469214047396314,-1.0,0,INTL.4415-1-CHE-QBTU.A,INTL.4415-2-CHE-QBTU.A
CHE,2017,0.0,0.460900442019235,-1.0,0,INTL.4415-1-CHE-QBTU.A,INTL.4415-2-CHE-QBTU.A
CHE,2018,0.0,0.45513204674724,-1.0,0,INTL.4415-1-CHE-QBTU.A,INTL.4415-2-CHE-QBTU.A
CHE,2019,0.0,0.450658113184385,-1.0,0,INTL.4415-1-CHE-QBTU.A,INTL.4415-2-CHE-QBTU.A
CHE,2020,0.0,0.369048489792378,-1.0,0,INTL.4415-1-CHE-QBTU.A,INTL.4415-2-CHE-QBTU.A
CHE,2021,0.0,0.3844908225735,-1.0,0,INTL.4415-1-CHE-QBTU.A,INTL.4415-2-CHE-QBTU.A
CHE,2022,0.0,0.38814511120962,-1.0,0,INTL.4415-1-CHE-QBTU.A,INTL.4415-2-CHE-QBTU.A
CHE,2023,0.0,0.39681839460379,-1.0,0,INTL.4415-1-CHE-QBTU.A,INTL.4415-2-CHE-QBTU.A
CHE,2024,0.0,0.398816095963446,-1.0,0,INTL.4415-1-CHE-QBTU.A,INTL.4415-2-CHE-QBTU.A
CHN,1980,0.0,4.124019020610326,-1.0,0,INTL.4415-1-CHN-QBTU.A,INTL.4415-2-CHN-QBTU.A
CHN,1981,0.0,3.937046717879983,-1.0,0,INTL.4415-1-CHN-QBTU.A,INTL.4415-2-CHN-QBTU.A
CHN,1982,0.0,3.8947120759913543,-1.0,0,INTL.4415-1-CHN-QBTU.A,INTL.4415-2-CHN-QBTU.A
CHN,1983,0.0,3.9729630115685572,-1.0,0,INTL.4415-1-CHN-QBTU.A,INTL.4415-2-CHN-QBTU.A
CHN,1984,4.931733135888513,4.062523436153797,0.21395807640131234,1,INTL.4415-1-CHN-QBTU.A,INTL.4415-2-CHN-QBTU.A
CHN,1985,5.375519886123651,4.291206769422797,0.25268256109847215,1,INTL.4415-1-CHN-QBTU.A,INTL.4415-2-CHN-QBTU.A
CHN,1986,5.62383018471191,4.361179505,0.2895204561665732,1,INTL.4415-1-CHN-QBTU.A,INTL.4415-2-CHN-QBTU.A
CHN,1987,5.772693893262697,4.583327995,0.2594983164111729,1,INTL.4415-1-CHN-QBTU.A,INTL.4415-2-CHN-QBTU.A
CHN,1988,5.895347846257424,4.901685012,0.20271862264196927,1,INTL.4415-1-CHN-QBTU.A,INTL.4415-2-CHN-QBTU.A
CHN,1989,5.927153259058091,5.098849615,0.16244912217480478,1,INTL.4415-1-CHN-QBTU.A,INTL.4415-2-CHN-QBTU.A
CHN,1990,5.9398283921446415,4.911002365,0.2094941013421079,1,INTL.4415-1-CHN-QBTU.A,INTL.4415-2-CHN-QBTU.A
CHN,1991,5.997883558763234,5.10769904,0.17428288389584398,1,INTL.4415-1-CHN-QBTU.A,INTL.4415-2-CHN-QBTU.A
CHN,1992,6.106404097559446,5.65465791,0.07988921606743955,1,INTL.4415-1-CHN-QBTU.A,INTL.4415-2-CHN-QBTU.A
CHN,1993,6.2489875867747084,6.256997535,-0.0012801584434844358,0,INTL.4415-1-CHN-QBTU.A,INTL.4415-2-CHN-QBTU.A
CHN,1994,6.269760424992342,6.63366987,-0.05485793718095559,0,INTL.4415-1-CHN-QBTU.A,INTL.4415-2-CHN-QBTU.A
CHN,1995,6.438579264465205,7.045953795,-0.0862018895108004,0,INTL.4415-1-CHN-QBTU.A,INTL.4415-2-CHN-QBTU.A
CHN,1996,6.752278719986095,7.883265582,-0.1434667968812705,0,INTL.4415-1-CHN-QBTU.A,INTL.4415-2-CHN-QBTU.A
CHN,1997,6.897697417773863,7.4988335675,-0.08016395407566666,0,INTL.4415-1-CHN-QBTU.A,INTL.4415-2-CHN-QBTU.A
CHN,1998,6.919198135503299,8.46390032,-0.18250477038896665,0,INTL.4415-1-CHN-QBTU.A,INTL.4415-2-CHN-QBTU.A
CHN,1999,6.873981791085603,8.978183495,-0.23436831126098484,0,INTL.4415-1-CHN-QBTU.A,INTL.4415-2-CHN-QBTU.A
CHN,2000,7.012096343489174,9.652490692374,-0.2735453918614896,0,INTL.4415-1-CHN-QBTU.A,INTL.4415-2-CHN-QBTU.A
CHN,2001,7.054806627143325,9.88330422576,-0.28618947004023554,0,INTL.4415-1-CHN-QBTU.A,INTL.4415-2-CHN-QBTU.A
CHN,2002,7.185353954603103,10.668705943845,-0.32650182764213453,0,INTL.4415-1-CHN-QBTU.A,INTL.4415-2-CHN-QBTU.A
CHN,2003,7.2029411720810295,11.853262202955,-0.39232415104380736,0,INTL.4415-1-CHN-QBTU.A,INTL.4415-2-CHN-QBTU.A
CHN,2004,7.4750424986910495,13.996498151082,-0.46593480612054444,0,INTL.4415-1-CHN-QBTU.A,INTL.4415-2-CHN-QBTU.A
CHN,2005,7.714177973785604,14.276206811145,-0.4596479249821892,0,INTL.4415-1-CHN-QBTU.A,INTL.4415-2-CHN-QBTU.A
CHN,2006,7.7764571716437105,15.32877413728,-0.4926889063665468,0,INTL.4415-1-CHN-QBTU.A,INTL.4415-2-CHN-QBTU.A
CHN,2007,7.904899494458705,16.193899132005,-0.5118594089032106,0,INTL.4415-1-CHN-QBTU.A,INTL.4415-2-CHN-QBTU.A
CHN,2008,8.159838151839091,16.459464467838,-0.5042464371921992,0,INTL.4415-1-CHN-QBTU.A,INTL.4415-2-CHN-QBTU.A
CHN,2009,8.149939286451497,17.345061220645,-0.5301291138280324,0,INTL.4415-1-CHN-QBTU.A,INTL.4415-2-CHN-QBTU.A
CHN,2010,8.757404572272055,18.686604350295,-0.5313538828078305,0,INTL.4415-1-CHN-QBTU.A,INTL.4415-2-CHN-QBTU.A
CHN,2011,8.699481557007404,19.68734138862,-0.5581180117069529,0,INTL.4415-1-CHN-QBTU.A,INTL.4415-2-CHN-QBTU.A
CHN,2012,8.770693733149288,20.714527695218,-0.5765921452713583,0,INTL.4415-1-CHN-QBTU.A,INTL.4415-2-CHN-QBTU.A
CHN,2013,8.94225764013033,21.847890858365,-0.5907038488016536,0,INTL.4415-1-CHN-QBTU.A,INTL.4415-2-CHN-QBTU.A
CHN,2014,9.037614500589765,23.080101676195,-0.6084239737162322,0,INTL.4415-1-CHN-QBTU.A,INTL.4415-2-CHN-QBTU.A
CHN,2015,9.186617862407306,24.08537563486,-0.618581084153363,0,INTL.4415-1-CHN-QBTU.A,INTL.4415-2-CHN-QBTU.A
CHN,2016,8.57872555060691,25.0964974854,-0.6581704058266448,0,INTL.4415-1-CHN-QBTU.A,INTL.4415-2-CHN-QBTU.A
CHN,2017,8.101283103385846,26.72917879605,-0.6969123830851458,0,INTL.4415-1-CHN-QBTU.A,INTL.4415-2-CHN-QBTU.A
CHN,2018,8.033378724310616,26.78955198,-0.7001301578201825,0,INTL.4415-1-CHN-QBTU.A,INTL.4415-2-CHN-QBTU.A
CHN,2019,8.133981122439543,27.77386856,-0.7071354642271864,0,INTL.4415-1-CHN-QBTU.A,INTL.4415-2-CHN-QBTU.A
CHN,2020,8.301516325782757,27.43102739,-0.6973676484020762,0,INTL.4415-1-CHN-QBTU.A,INTL.4415-2-CHN-QBTU.A
CHN,2021,8.50293111615117,30.24121019,-0.7188296677702775,0,INTL.4415-1-CHN-QBTU.A,INTL.4415-2-CHN-QBTU.A
CHN,2022,8.781944751169515,29.960436152,-0.7068819456894562,0,INTL.4415-1-CHN-QBTU.A,INTL.4415-2-CHN-QBTU.A
CHN,2023,8.98264477405702,31.51851034,-0.7150041459079622,0,INTL.4415-1-CHN-QBTU.A,INTL.4415-2-CHN-QBTU.A
CHN,2024,9.125238077080319,32.222617371,-0.7168064290986823,0,INTL.4415-1-CHN-QBTU.A,INTL.4415-2-CHN-QBTU.A
DEU,1991,0.14668999346864164,5.831183814375065,-0.9748438742220712,0,INTL.4415-1-DEU-QBTU.A,INTL.4415-2-DEU-QBTU.A
DEU,1992,0.137338906383988,5.87209499871129,-0.9766116000483424,0,INTL.4415-1-DEU-QBTU.A,INTL.4415-2-DEU-QBTU.A
DEU,1993,0.13079077506045042,5.99378588609981,-0.9781789377288622,0,INTL.4415-1-DEU-QBTU.A,INTL.4415-2-DEU-QBTU.A
DEU,1994,0.12493597528881682,5.938289875191215,-0.9789609503889715,0,INTL.4415-1-DEU-QBTU.A,INTL.4415-2-DEU-QBTU.A
DEU,1995,0.12437301377231359,5.923539377440025,-0.9790035980437656,0,INTL.4415-1-DEU-QBTU.A,INTL.4415-2-DEU-QBTU.A
DEU,1996,0.12009450624688904,6.036963802066488,-0.9801068036542178,0,INTL.4415-1-DEU-QBTU.A,INTL.4415-2-DEU-QBTU.A
DEU,1997,0.11932413785588462,6.00967050498681,-0.9801446455746834,0,INTL.4415-1-DEU-QBTU.A,INTL.4415-2-DEU-QBTU.A
DEU,1998,0.12506041941351753,6.02521065994473,-0.9792438096405637,0,INTL.4415-1-DEU-QBTU.A,INTL.4415-2-DEU-QBTU.A
DEU,1999,0.1173863650569735,5.84213123110399,-0.979906927726649,0,INTL.4415-1-DEU-QBTU.A,INTL.4415-2-DEU-QBTU.A
DEU,2000,0.1346562466100826,5.720481852830976,-0.9764606810974423,0,INTL.4415-1-DEU-QBTU.A,INTL.4415-2-DEU-QBTU.A
DEU,2001,0.1401122325916039,5.79621031330422,-0.9758269239696151,0,INTL.4415-1-DEU-QBTU.A,INTL.4415-2-DEU-QBTU.A
DEU,2002,0.14964109699725855,5.59745147094314,-0.9732662091357007,0,INTL.4415-1-DEU-QBTU.A,INTL.4415-2-DEU-QBTU.A
DEU,2003,0.15748153907443815,5.53356535142765,-0.9715406742176076,0,INTL.4415-1-DEU-QBTU.A,INTL.4415-2-DEU-QBTU.A
DEU,2004,0.14779228989568707,5.484392539443954,-0.9730522042627767,0,INTL.4415-1-DEU-QBTU.A,INTL.4415-2-DEU-QBTU.A
DEU,2005,0.14805304774422065,5.4221441373948,-0.9726947414173027,0,INTL.4415-1-DEU-QBTU.A,INTL.4415-2-DEU-QBTU.A
DEU,2006,0.14429001148694925,5.449269133215495,-0.9735212176239483,0,INTL.4415-1-DEU-QBTU.A,INTL.4415-2-DEU-QBTU.A
DEU,2007,0.1434070567185549,4.96650386395844,-0.9711251494719958,0,INTL.4415-1-DEU-QBTU.A,INTL.4415-2-DEU-QBTU.A
DEU,2008,0.13013299897274663,5.248259090561988,-0.9752045398812786,0,INTL.4415-1-DEU-QBTU.A,INTL.4415-2-DEU-QBTU.A
DEU,2009,0.11896265730318255,5.02583973112193,-0.9763297948865103,0,INTL.4415-1-DEU-QBTU.A,INTL.4415-2-DEU-QBTU.A
DEU,2010,0.10598491287010808,5.09384611263629,-0.9791935385312894,0,INTL.4415-1-DEU-QBTU.A,INTL.4415-2-DEU-QBTU.A
DEU,2011,0.11031082768113291,4.937112608832285,-0.9776568135221807,0,INTL.4415-1-DEU-QBTU.A,INTL.4415-2-DEU-QBTU.A
DEU,2012,0.11061304912683464,4.947494056806894,-0.9776426110154391,0,INTL.4415-1-DEU-QBTU.A,INTL.4415-2-DEU-QBTU.A
DEU,2013,0.11153156528533992,5.026154792118675,-0.9778097631493109,0,INTL.4415-1-DEU-QBTU.A,INTL.4415-2-DEU-QBTU.A
DEU,2014,0.10401158460699676,4.906621652570005,-0.9788017923590019,0,INTL.4415-1-DEU-QBTU.A,INTL.4415-2-DEU-QBTU.A
DEU,2015,0.10395825141069646,4.89048902352644,-0.9787427697085938,0,INTL.4415-1-DEU-QBTU.A,INTL.4415-2-DEU-QBTU.A
DEU,2016,0.10104270334627974,4.931418308447544,-0.979510417282348,0,INTL.4415-1-DEU-QBTU.A,INTL.4415-2-DEU-QBTU.A
DEU,2017,0.09399671256118951,5.03783600187723,-0.9813418474666179,0,INTL.4415-1-DEU-QBTU.A,INTL.4415-2-DEU-QBTU.A
DEU,2018,0.08793579183767664,4.77056782028404,-0.9815670177743243,0,INTL.4415-1-DEU-QBTU.A,INTL.4415-2-DEU-QBTU.A
DEU,2019,0.0815682763463654,4.82214139694208,-0.9830846361332144,0,INTL.4415-1-DEU-QBTU.A,INTL.4415-2-DEU-QBTU.A
DEU,2020,0.08117679290778905,4.4159819664876,-0.9816174990016193,0,INTL.4415-1-DEU-QBTU.A,INTL.4415-2-DEU-QBTU.A
DEU,2021,0.07782873632501965,4.36777771753046,-0.982181159079445,0,INTL.4415-1-DEU-QBTU.A,INTL.4415-2-DEU-QBTU.A
DEU,2022,0.07190130266593574,4.45465830883255,-0.9838593001570127,0,INTL.4415-1-DEU-QBTU.A,INTL.4415-2-DEU-QBTU.A
DEU,2023,0.0695590212767296,4.20496678378766,-0.9834578904297375,0,INTL.4415-1-DEU-QBTU.A,INTL.4415-2-DEU-QBTU.A
DEU,2024,0.062299579188224145,4.21428345969069,-0.9852170410974689,0,INTL.4415-1-DEU-QBTU.A,INTL.4415-2-DEU-QBTU.A
ESP,1980,0.0,2.144899812,-1.0,0,INTL.4415-1-ESP-QBTU.A,INTL.4415-2-ESP-QBTU.A
ESP,1981,0.0,2.02652745,-1.0,0,INTL.4415-1-ESP-QBTU.A,INTL.4415-2-ESP-QBTU.A
ESP,1982,0.0,2.16198917,-1.0,0,INTL.4415-1-ESP-QBTU.A,INTL.4415-2-ESP-QBTU.A
ESP,1983,0.0,2.17120177,-1.0,0,INTL.4415-1-ESP-QBTU.A,INTL.4415-2-ESP-QBTU.A
ESP,1984,0.09942543478260843,1.773803906312256,-0.9439478995232825,0,INTL.4415-1-ESP-QBTU.A,INTL.4415-2-ESP-QBTU.A
ESP,1985,0.09283000000000012,1.774169561797645,-0.9476769289706775,0,INTL.4415-1-ESP-QBTU.A,INTL.4415-2-ESP-QBTU.A
ESP,1986,0.09167154564095178,1.79220776943476,-0.9488499340286513,0,INTL.4415-1-ESP-QBTU.A,INTL.4415-2-ESP-QBTU.A
ESP,1987,0.08109388063174913,1.84884569556543,-0.956138102370437,0,INTL.4415-1-ESP-QBTU.A,INTL.4415-2-ESP-QBTU.A
ESP,1988,0.07619051838251421,2.03469542927988,-0.9625543374767006,0,INTL.4415-1-ESP-QBTU.A,INTL.4415-2-ESP-QBTU.A
ESP,1989,0.05974896115118436,2.029634436884775,-0.9705617129541361,0,INTL.4415-1-ESP-QBTU.A,INTL.4415-2-ESP-QBTU.A
ESP,1990,0.051698908102003935,2.091303100948425,-0.9752790936528722,0,INTL.4415-1-ESP-QBTU.A,INTL.4415-2-ESP-QBTU.A
ESP,1991,0.06369629700546488,2.21840331145006,-0.971287323329936,0,INTL.4415-1-ESP-QBTU.A,INTL.4415-2-ESP-QBTU.A
ESP,1992,0.06282659060109329,2.297132190171144,-0.9726499890298379,0,INTL.4415-1-ESP-QBTU.A,INTL.4415-2-ESP-QBTU.A
ESP,1993,0.048593188153005784,2.18943718278011,-0.9778056257858455,0,INTL.4415-1-ESP-QBTU.A,INTL.4415-2-ESP-QBTU.A
ESP,1994,0.04155260237501669,2.33137957081934,-0.982176818011486,0,INTL.4415-1-ESP-QBTU.A,INTL.4415-2-ESP-QBTU.A
ESP,1995,0.03448103911068877,2.46906619945365,-0.9860347854916491,0,INTL.4415-1-ESP-QBTU.A,INTL.4415-2-ESP-QBTU.A
ESP,1996,0.02167349726775975,2.492258455815048,-0.9913036718895706,0,INTL.4415-1-ESP-QBTU.A,INTL.4415-2-ESP-QBTU.A
ESP,1997,0.01583032240437172,2.632521107176095,-0.9939866303972951,0,INTL.4415-1-ESP-QBTU.A,INTL.4415-2-ESP-QBTU.A
ESP,1998,0.0224479635701277,2.8222610804284,-0.9920461066746099,0,INTL.4415-1-ESP-QBTU.A,INTL.4415-2-ESP-QBTU.A
ESP,1999,0.012651542805100292,2.910651777371575,-0.9956533643414655,0,INTL.4415-1-ESP-QBTU.A,INTL.4415-2-ESP-QBTU.A
ESP,2000,0.00987155555555564,2.999856641160096,-0.9967093242323279,0,INTL.4415-1-ESP-QBTU.A,INTL.4415-2-ESP-QBTU.A
ESP,2001,0.014622386156648577,3.12167694292371,-0.9953158554123306,0,INTL.4415-1-ESP-QBTU.A,INTL.4415-2-ESP-QBTU.A
ESP,2002,0.013524262295082084,3.152282497501245,-0.9957096921656602,0,INTL.4415-1-ESP-QBTU.A,INTL.4415-2-ESP-QBTU.A
ESP,2003,0.013848156817850758,3.23042786277793,-0.9957132127983993,0,INTL.4415-1-ESP-QBTU.A,INTL.4415-2-ESP-QBTU.A
ESP,2004,0.01096409632422596,3.298821718331166,-0.9966763598459112,0,INTL.4415-1-ESP-QBTU.A,INTL.4415-2-ESP-QBTU.A
ESP,2005,0.007143798544626655,3.369527721302485,-0.9978798813556384,0,INTL.4415-1-ESP-QBTU.A,INTL.4415-2-ESP-QBTU.A
ESP,2006,0.005987641726776008,3.329912314883505,-0.9982018620430294,0,INTL.4415-1-ESP-QBTU.A,INTL.4415-2-ESP-QBTU.A
ESP,2007,0.006108897719490035,3.378526223939415,-0.9981918454040096,0,INTL.4415-1-ESP-QBTU.A,INTL.4415-2-ESP-QBTU.A
ESP,2008,0.0056408888888889374,3.255432052616646,-0.9982672380201102,0,INTL.4415-1-ESP-QBTU.A,INTL.4415-2-ESP-QBTU.A
ESP,2009,0.004929998178506418,3.080484585276105,-0.9983996030358112,0,INTL.4415-1-ESP-QBTU.A,INTL.4415-2-ESP-QBTU.A
ESP,2010,0.005427043715847042,3.023221545960075,-0.9982048805774426,0,INTL.4415-1-ESP-QBTU.A,INTL.4415-2-ESP-QBTU.A
ESP,2011,0.004571663023679457,2.90986205142476,-0.9984289073011413,0,INTL.4415-1-ESP-QBTU.A,INTL.4415-2-ESP-QBTU.A
ESP,2012,0.006351779599271457,2.740467474555468,-0.9976822277008408,0,INTL.4415-1-ESP-QBTU.A,INTL.4415-2-ESP-QBTU.A
ESP,2013,0.015477766848816164,2.533099474828875,-0.9938897911421889,0,INTL.4415-1-ESP-QBTU.A,INTL.4415-2-ESP-QBTU.A
ESP,2014,0.01318326593806933,2.514730944154365,-0.9947575839201745,0,INTL.4415-1-ESP-QBTU.A,INTL.4415-2-ESP-QBTU.A
ESP,2015,0.009813759562841615,2.60746198520315,-0.9962362789492107,0,INTL.4415-1-ESP-QBTU.A,INTL.4415-2-ESP-QBTU.A
ESP,2016,0.0056408888888889374,2.695090081541718,-0.9979069757528617,0,INTL.4415-1-ESP-QBTU.A,INTL.4415-2-ESP-QBTU.A
ESP,2017,0.005068517834244124,2.70593731244173,-0.9981268901496945,0,INTL.4415-1-ESP-QBTU.A,INTL.4415-2-ESP-QBTU.A
ESP,2018,0.0037970580109289945,2.77200181525479,-0.998630210849779,0,INTL.4415-1-ESP-QBTU.A,INTL.4415-2-ESP-QBTU.A
ESP,2019,0.001719638848816044,2.764116671032715,-0.9993778703819425,0,INTL.4415-1-ESP-QBTU.A,INTL.4415-2-ESP-QBTU.A
ESP,2020,0.0011609538852459117,2.271602362356816,-0.9994889273296751,0,INTL.4415-1-ESP-QBTU.A,INTL.4415-2-ESP-QBTU.A
ESP,2021,0.00024982317850637736,2.48656351717324,-0.9998995307472417,0,INTL.4415-1-ESP-QBTU.A,INTL.4415-2-ESP-QBTU.A
ESP,2022,3.943998542805134e-05,2.686271980074105,-0.9999853179478024,0,INTL.4415-1-ESP-QBTU.A,INTL.4415-2-ESP-QBTU.A
ESP,2023,2.8926894353370012e-05,2.646430413358145,-0.9999890694672313,0,INTL.4415-1-ESP-QBTU.A,INTL.4415-2-ESP-QBTU.A
ESP,2024,2.5834808743169622e-05,2.760120025565892,-0.9999906399690942,0,INTL.4415-1-ESP-QBTU.A,INTL.4415-2-ESP-QBTU.A
FRA,1980,0.0,4.805407248,-1.0,0,INTL.4415-1-FRA-QBTU.A,INTL.4415-2-FRA-QBTU.A
FRA,1981,0.0,4.269308275,-1.0,0,INTL.4415-1-FRA-QBTU.A,INTL.4415-2-FRA-QBTU.A
FRA,1982,0.0,3.966991915,-1.0,0,INTL.4415-1-FRA-QBTU.A,INTL.4415-2-FRA-QBTU.A
FRA,1983,0.0,3.86365275,-1.0,0,INTL.4415-1-FRA-QBTU.A,INTL.4415-2-FRA-QBTU.A
FRA,1984,0.1169563800000001,3.654276580890054,-0.9679946557379865,0,INTL.4415-1-FRA-QBTU.A,INTL.4415-2-FRA-QBTU.A
FRA,1985,0.13935628547945184,3.60025647090068,-0.9612926782839476,0,INTL.4415-1-FRA-QBTU.A,INTL.4415-2-FRA-QBTU.A
FRA,1986,0.14945865871232883,3.618643066508875,-0.958697595765774,0,INTL.4415-1-FRA-QBTU.A,INTL.4415-2-FRA-QBTU.A
FRA,1987,0.15805748565858707,3.658955424584665,-0.9568025659463921,0,INTL.4415-1-FRA-QBTU.A,INTL.4415-2-FRA-QBTU.A
FRA,1988,0.16016918290351612,3.700098747262134,-0.9567121869322995,0,INTL.4415-1-FRA-QBTU.A,INTL.4415-2-FRA-QBTU.A
FRA,1989,0.15563494155329996,3.78161284761329,-0.9588442953245395,0,INTL.4415-1-FRA-QBTU.A,INTL.4415-2-FRA-QBTU.A
FRA,1990,0.14722033326441647,3.75137711277206,-0.9607556561660556,0,INTL.4415-1-FRA-QBTU.A,INTL.4415-2-FRA-QBTU.A
FRA,1991,0.1427320604473542,3.99201284603124,-0.9642455908955165,0,INTL.4415-1-FRA-QBTU.A,INTL.4415-2-FRA-QBTU.A
FRA,1992,0.13825877985441723,3.983145538830846,-0.9652890464316302,0,INTL.4415-1-FRA-QBTU.A,INTL.4415-2-FRA-QBTU.A
FRA,1993,0.13829093262580616,3.862130697142415,-0.9641930987141043,0,INTL.4415-1-FRA-QBTU.A,INTL.4415-2-FRA-QBTU.A
FRA,1994,0.13930635944694922,3.835229916874975,-0.9636771816902027,0,INTL.4415-1-FRA-QBTU.A,INTL.4415-2-FRA-QBTU.A
FRA,1995,0.1254902986920099,3.949642647596735,-0.9682274296971226,0,INTL.4415-1-FRA-QBTU.A,INTL.4415-2-FRA-QBTU.A
FRA,1996,0.1085586770563043,4.017892322793144,-0.972981188062094,0,INTL.4415-1-FRA-QBTU.A,INTL.4415-2-FRA-QBTU.A
FRA,1997,0.09231356565659579,4.05068002452744,-0.9772103535461641,0,INTL.4415-1-FRA-QBTU.A,INTL.4415-2-FRA-QBTU.A
FRA,1998,0.08225657145181231,4.141904890394935,-0.9801404007024486,0,INTL.4415-1-FRA-QBTU.A,INTL.4415-2-FRA-QBTU.A
FRA,1999,0.07744597186797367,4.120785295994115,-0.9812060162553822,0,INTL.4415-1-FRA-QBTU.A,INTL.4415-2-FRA-QBTU.A
FRA,2000,0.07262846641723879,4.109199372788148,-0.9823253972785556,0,INTL.4415-1-FRA-QBTU.A,INTL.4415-2-FRA-QBTU.A
FRA,2001,0.07041855129201001,4.17944498217948,-0.9831512194580226,0,INTL.4415-1-FRA-QBTU.A,INTL.4415-2-FRA-QBTU.A
FRA,2002,0.06691372977934014,4.108124470862285,-0.9837118543379249,0,INTL.4415-1-FRA-QBTU.A,INTL.4415-2-FRA-QBTU.A
FRA,2003,0.060245964588988184,4.13736694045882,-0.9854385735043585,0,INTL.4415-1-FRA-QBTU.A,INTL.4415-2-FRA-QBTU.A
FRA,2004,0.05697926693646063,4.16437757066256,-0.986317458979255,0,INTL.4415-1-FRA-QBTU.A,INTL.4415-2-FRA-QBTU.A
FRA,2005,0.05159500235175382,4.118691140000185,-0.9874729615312325,0,INTL.4415-1-FRA-QBTU.A,INTL.4415-2-FRA-QBTU.A
FRA,2006,0.04777819138068213,4.11536648346887,-0.9883902948686093,0,INTL.4415-1-FRA-QBTU.A,INTL.4415-2-FRA-QBTU.A
FRA,2007,0.04365289080746295,4.078191894937565,-0.9892960184483591,0,INTL.4415-1-FRA-QBTU.A,INTL.4415-2-FRA-QBTU.A
FRA,2008,0.043492074179104744,4.005681211068768,-0.9891424025309542,0,INTL.4415-1-FRA-QBTU.A,INTL.4415-2-FRA-QBTU.A
FRA,2009,0.04048275320324631,3.84262029782494,-0.9894648052460033,0,INTL.4415-1-FRA-QBTU.A,INTL.4415-2-FRA-QBTU.A
FRA,2010,0.04034189682937795,3.756454782241155,-0.989260646229499,0,INTL.4415-1-FRA-QBTU.A,INTL.4415-2-FRA-QBTU.A
FRA,2011,0.03979607838063804,3.822502251015215,-0.9895889980522395,0,INTL.4415-1-FRA-QBTU.A,INTL.4415-2-FRA-QBTU.A
FRA,2012,0.03651381465704288,3.753279676271118,-0.9902714911207151,0,INTL.4415-1-FRA-QBTU.A,INTL.4415-2-FRA-QBTU.A
FRA,2013,0.03588144499021309,3.689813672900945,-0.9902755401299159,0,INTL.4415-1-FRA-QBTU.A,INTL.4415-2-FRA-QBTU.A
FRA,2014,0.034455274204795903,3.619955455923745,-0.9904818513309569,0,INTL.4415-1-FRA-QBTU.A,INTL.4415-2-FRA-QBTU.A
FRA,2015,0.036353169791208124,3.62520739397927,-0.9899721130847345,0,INTL.4415-1-FRA-QBTU.A,INTL.4415-2-FRA-QBTU.A
FRA,2016,0.03590887860729164,3.564456603693894,-0.9899258477238637,0,INTL.4415-1-FRA-QBTU.A,INTL.4415-2-FRA-QBTU.A
FRA,2017,0.03256123386673212,3.61503467243803,-0.9909928294422768,0,INTL.4415-1-FRA-QBTU.A,INTL.4415-2-FRA-QBTU.A
FRA,2018,0.033336178683631236,3.51113663893195,-0.9905055877592471,0,INTL.4415-1-FRA-QBTU.A,INTL.4415-2-FRA-QBTU.A
FRA,2019,0.031185724423782923,3.49698131608573,-0.9910821015027069,0,INTL.4415-1-FRA-QBTU.A,INTL.4415-2-FRA-QBTU.A
FRA,2020,0.027791232538944798,2.953058955419826,-0.990589001791536,0,INTL.4415-1-FRA-QBTU.A,INTL.4415-2-FRA-QBTU.A
FRA,2021,0.02791974050403737,3.21880976520259,-0.9913260669189375,0,INTL.4415-1-FRA-QBTU.A,INTL.4415-2-FRA-QBTU.A
FRA,2022,0.02564000356904021,3.2232190950236,-0.9920452185181496,0,INTL.4415-1-FRA-QBTU.A,INTL.4415-2-FRA-QBTU.A
FRA,2023,0.025209663870810046,3.140972583723685,-0.9919739306221758,0,INTL.4415-1-FRA-QBTU.A,INTL.4415-2-FRA-QBTU.A
FRA,2024,0.023617875334801555,3.111766121639052,-0.992410138033651,0,INTL.4415-1-FRA-QBTU.A,INTL.4415-2-FRA-QBTU.A
GBR,1980,0.0,3.643287342,-1.0,0,INTL.4415-1-GBR-QBTU.A,INTL.4415-2-GBR-QBTU.A
GBR,1981,0.0,3.331088185,-1.0,0,INTL.4415-1-GBR-QBTU.A,INTL.4415-2-GBR-QBTU.A
GBR,1982,0.0,3.342602475,-1.0,0,INTL.4415-1-GBR-QBTU.A,INTL.4415-2-GBR-QBTU.A
GBR,1983,0.0,3.20300494,-1.0,0,INTL.4415-1-GBR-QBTU.A,INTL.4415-2-GBR-QBTU.A
GBR,1984,5.513132669641314,3.835105140573414,0.4375440744284278,1,INTL.4415-1-GBR-QBTU.A,INTL.4415-2-GBR-QBTU.A
GBR,1985,5.585479652747831,3.351123720644835,0.6667482666599529,1,INTL.4415-1-GBR-QBTU.A,INTL.4415-2-GBR-QBTU.A
GBR,1986,5.6053677810903055,3.364560983923665,0.6660027289960037,1,INTL.4415-1-GBR-QBTU.A,INTL.4415-2-GBR-QBTU.A
GBR,1987,5.408613124459617,3.28792361118152,0.6449935473154206,1,INTL.4415-1-GBR-QBTU.A,INTL.4415-2-GBR-QBTU.A
GBR,1988,5.0650260305517465,3.47015316714789,0.45959725308456006,1,INTL.4415-1-GBR-QBTU.A,INTL.4415-2-GBR-QBTU.A
GBR,1989,4.064671322128218,3.541897137419845,0.14759722386777072,1,INTL.4415-1-GBR-QBTU.A,INTL.4415-2-GBR-QBTU.A
GBR,1990,4.05361120607087,3.64599706215646,0.111797715951346,1,INTL.4415-1-GBR-QBTU.A,INTL.4415-2-GBR-QBTU.A
GBR,1991,4.045270172710508,3.695983723604175,0.09450432556713823,1,INTL.4415-1-GBR-QBTU.A,INTL.4415-2-GBR-QBTU.A
GBR,1992,4.176737097580947,3.736126963508496,0.117932323600343,1,INTL.4415-1-GBR-QBTU.A,INTL.4415-2-GBR-QBTU.A
GBR,1993,4.436543913156481,3.75035787490226,0.1829654825333445,1,INTL.4415-1-GBR-QBTU.A,INTL.4415-2-GBR-QBTU.A
GBR,1994,5.629473143419038,3.74879442519117,0.5016756068537855,1,INTL.4415-1-GBR-QBTU.A,INTL.4415-2-GBR-QBTU.A
GBR,1995,5.801091235229784,3.71297845182568,0.5623821442802539,1,INTL.4415-1-GBR-QBTU.A,INTL.4415-2-GBR-QBTU.A
GBR,1996,5.786357829395696,3.797588521372578,0.523692679401798,1,INTL.4415-1-GBR-QBTU.A,INTL.4415-2-GBR-QBTU.A
GBR,1997,5.7144666304747265,3.70065912495413,0.544175358368236,1,INTL.4415-1-GBR-QBTU.A,INTL.4415-2-GBR-QBTU.A
GBR,1998,5.907669472621614,3.660233546749065,0.6140143510428917,1,INTL.4415-1-GBR-QBTU.A,INTL.4415-2-GBR-QBTU.A
GBR,1999,6.095747947275036,3.69575871629438,0.6493901293932548,1,INTL.4415-1-GBR-QBTU.A,INTL.4415-2-GBR-QBTU.A
GBR,2000,5.619617980841493,3.611668466261946,0.5559617482436761,1,INTL.4415-1-GBR-QBTU.A,INTL.4415-2-GBR-QBTU.A
GBR,2001,5.184076767157287,3.56579945008693,0.45383295940294827,1,INTL.4415-1-GBR-QBTU.A,INTL.4415-2-GBR-QBTU.A
GBR,2002,5.158288614356564,3.54026360067922,0.4570351804783452,1,INTL.4415-1-GBR-QBTU.A,INTL.4415-2-GBR-QBTU.A
GBR,2003,4.7300796055416345,3.5797888250517,0.32132922826064236,1,INTL.4415-1-GBR-QBTU.A,INTL.4415-2-GBR-QBTU.A
GBR,2004,4.256613460324335,3.653175093204684,0.16518189019795793,1,INTL.4415-1-GBR-QBTU.A,INTL.4415-2-GBR-QBTU.A
GBR,2005,3.815707793079865,3.703534235026535,0.030288246559850247,1,INTL.4415-1-GBR-QBTU.A,INTL.4415-2-GBR-QBTU.A
GBR,2006,3.4542794545294373,3.67975259070172,-0.06127399345869762,0,INTL.4415-1-GBR-QBTU.A,INTL.4415-2-GBR-QBTU.A
GBR,2007,3.4385220056570645,3.574802421722175,-0.03812250300520299,0,INTL.4415-1-GBR-QBTU.A,INTL.4415-2-GBR-QBTU.A
GBR,2008,3.1808307293772327,3.534962204896836,-0.10017970631455121,0,INTL.4415-1-GBR-QBTU.A,INTL.4415-2-GBR-QBTU.A
GBR,2009,3.0071084358912032,3.347597695874695,-0.10171152298350633,0,INTL.4415-1-GBR-QBTU.A,INTL.4415-2-GBR-QBTU.A
GBR,2010,2.7841779091151766,3.314678624213475,-0.1600458974281944,0,INTL.4415-1-GBR-QBTU.A,INTL.4415-2-GBR-QBTU.A
GBR,2011,2.2923250269058157,3.22465329421312,-0.28912511896408727,0,INTL.4415-1-GBR-QBTU.A,INTL.4415-2-GBR-QBTU.A
GBR,2012,1.9721956577177635,3.144336730047714,-0.372778481747457,0,INTL.4415-1-GBR-QBTU.A,INTL.4415-2-GBR-QBTU.A
GBR,2013,1.7740215556781327,3.093326223553865,-0.4265003341160725,0,INTL.4415-1-GBR-QBTU.A,INTL.4415-2-GBR-QBTU.A
GBR,2014,1.7547066072547646,3.103800217015635,-0.434658649214881,0,INTL.4415-1-GBR-QBTU.A,INTL.4415-2-GBR-QBTU.A
GBR,2015,1.9766781909371371,3.18489662521674,-0.37935875994009083,0,INTL.4415-1-GBR-QBTU.A,INTL.4415-2-GBR-QBTU.A
GBR,2016,2.0952056540979975,3.275518990150986,-0.3603439148428145,0,INTL.4415-1-GBR-QBTU.A,INTL.4415-2-GBR-QBTU.A
GBR,2017,2.087640422165909,3.308800419878095,-0.36906426582150187,0,INTL.4415-1-GBR-QBTU.A,INTL.4415-2-GBR-QBTU.A
GBR,2018,2.2801482342061448,3.281377118045475,-0.30512460098938704,0,INTL.4415-1-GBR-QBTU.A,INTL.4415-2-GBR-QBTU.A
GBR,2019,2.311220751401488,3.22032172583171,-0.282301289072423,0,INTL.4415-1-GBR-QBTU.A,INTL.4415-2-GBR-QBTU.A
GBR,2020,2.1568508878890156,2.499372434756892,-0.13704302012164613,0,INTL.4415-1-GBR-QBTU.A,INTL.4415-2-GBR-QBTU.A
GBR,2021,1.8236399571115731,2.57475879958896,-0.29172396365721603,0,INTL.4415-1-GBR-QBTU.A,INTL.4415-2-GBR-QBTU.A
GBR,2022,1.6879091186404898,2.808276469224995,-0.39895194182704347,0,INTL.4415-1-GBR-QBTU.A,INTL.4415-2-GBR-QBTU.A
GBR,2023,1.496914348838817,2.827304872207875,-0.4705507836974584,0,INTL.4415-1-GBR-QBTU.A,INTL.4415-2-GBR-QBTU.A
GBR,2024,1.3635277870429277,2.854100624713692,-0.5222565822535744,0,INTL.4415-1-GBR-QBTU.A,INTL.4415-2-GBR-QBTU.A
HKG,1980,0.0,0.2658718713424368,-1.0,0,INTL.4415-1-HKG-QBTU.A,INTL.4415-2-HKG-QBTU.A
HKG,1981,0.0,0.27369852435235065,-1.0,0,INTL.4415-1-HKG-QBTU.A,INTL.4415-2-HKG-QBTU.A
HKG,1982,0.0,0.2672837151874346,-1.0,0,INTL.4415-1-HKG-QBTU.A,INTL.4415-2-HKG-QBTU.A
HKG,1983,0.0,0.25445409685280895,-1.0,0,INTL.4415-1-HKG-QBTU.A,INTL.4415-2-HKG-QBTU.A
HKG,1984,0.0,0.24657471938972744,-1.0,0,INTL.4415-1-HKG-QBTU.A,INTL.4415-2-HKG-QBTU.A
HKG,1985,0.0,0.2352096693652429,-1.0,0,INTL.4415-1-HKG-QBTU.A,INTL.4415-2-HKG-QBTU.A
HKG,1986,0.0,0.2418383055,-1.0,0,INTL.4415-1-HKG-QBTU.A,INTL.4415-2-HKG-QBTU.A
HKG,1987,0.0,0.2474917905,-1.0,0,INTL.4415-1-HKG-QBTU.A,INTL.4415-2-HKG-QBTU.A
HKG,1988,0.0,0.261156555,-1.0,0,INTL.4415-1-HKG-QBTU.A,INTL.4415-2-HKG-QBTU.A
HKG,1989,0.0,0.261169618,-1.0,0,INTL.4415-1-HKG-QBTU.A,INTL.4415-2-HKG-QBTU.A
HKG,1990,0.0,0.268653505,-1.0,0,INTL.4415-1-HKG-QBTU.A,INTL.4415-2-HKG-QBTU.A
HKG,1991,0.0,0.279054837,-1.0,0,INTL.4415-1-HKG-QBTU.A,INTL.4415-2-HKG-QBTU.A
HKG,1992,0.0,0.3197486898,-1.0,0,INTL.4415-1-HKG-QBTU.A,INTL.4415-2-HKG-QBTU.A
HKG,1993,0.0,0.3335767485,-1.0,0,INTL.4415-1-HKG-QBTU.A,INTL.4415-2-HKG-QBTU.A
HKG,1994,0.0,0.3811437675,-1.0,0,INTL.4415-1-HKG-QBTU.A,INTL.4415-2-HKG-QBTU.A
HKG,1995,0.0,0.392397995,-1.0,0,INTL.4415-1-HKG-QBTU.A,INTL.4415-2-HKG-QBTU.A
HKG,1996,0.0,0.3866185002,-1.0,0,INTL.4415-1-HKG-QBTU.A,INTL.4415-2-HKG-QBTU.A
HKG,1997,0.0,0.3902625625,-1.0,0,INTL.4415-1-HKG-QBTU.A,INTL.4415-2-HKG-QBTU.A
HKG,1998,0.0,0.4064916305,-1.0,0,INTL.4415-1-HKG-QBTU.A,INTL.4415-2-HKG-QBTU.A
HKG,1999,0.0,0.6114169385,-1.0,0,INTL.4415-1-HKG-QBTU.A,INTL.4415-2-HKG-QBTU.A
HKG,2000,0.0,0.5520223718357229,-1.0,0,INTL.4415-1-HKG-QBTU.A,INTL.4415-2-HKG-QBTU.A
HKG,2001,0.0,0.5325513154602259,-1.0,0,INTL.4415-1-HKG-QBTU.A,INTL.4415-2-HKG-QBTU.A
HKG,2002,0.0,0.5562628422472455,-1.0,0,INTL.4415-1-HKG-QBTU.A,INTL.4415-2-HKG-QBTU.A
HKG,2003,0.0,0.5654308319754459,-1.0,0,INTL.4415-1-HKG-QBTU.A,INTL.4415-2-HKG-QBTU.A
HKG,2004,0.0,0.6518977177251076,-1.0,0,INTL.4415-1-HKG-QBTU.A,INTL.4415-2-HKG-QBTU.A
HKG,2005,0.0,0.6108985761068678,-1.0,0,INTL.4415-1-HKG-QBTU.A,INTL.4415-2-HKG-QBTU.A
HKG,2006,0.0,0.657380332880578,-1.0,0,INTL.4415-1-HKG-QBTU.A,INTL.4415-2-HKG-QBTU.A
HKG,2007,0.0,0.7171830678447048,-1.0,0,INTL.4415-1-HKG-QBTU.A,INTL.4415-2-HKG-QBTU.A
HKG,2008,0.0,0.6453631178640007,-1.0,0,INTL.4415-1-HKG-QBTU.A,INTL.4415-2-HKG-QBTU.A
HKG,2009,0.0,0.7940007849257622,-1.0,0,INTL.4415-1-HKG-QBTU.A,INTL.4415-2-HKG-QBTU.A
HKG,2010,0.0,0.8980551341690081,-1.0,0,INTL.4415-1-HKG-QBTU.A,INTL.4415-2-HKG-QBTU.A
HKG,2011,0.0,0.7916757494628918,-1.0,0,INTL.4415-1-HKG-QBTU.A,INTL.4415-2-HKG-QBTU.A
HKG,2012,0.0,0.7307703637180869,-1.0,0,INTL.4415-1-HKG-QBTU.A,INTL.4415-2-HKG-QBTU.A
HKG,2013,0.0,0.7448655313519752,-1.0,0,INTL.4415-1-HKG-QBTU.A,INTL.4415-2-HKG-QBTU.A
HKG,2014,0.0,0.6868550540860368,-1.0,0,INTL.4415-1-HKG-QBTU.A,INTL.4415-2-HKG-QBTU.A
HKG,2015,0.0,0.831165246,-1.0,0,INTL.4415-1-HKG-QBTU.A,INTL.4415-2-HKG-QBTU.A
HKG,2016,0.0,0.8564930764,-1.0,0,INTL.4415-1-HKG-QBTU.A,INTL.4415-2-HKG-QBTU.A
HKG,2017,0.0,0.9026425940224961,-1.0,0,INTL.4415-1-HKG-QBTU.A,INTL.4415-2-HKG-QBTU.A
HKG,2018,0.0,0.93332836,-1.0,0,INTL.4415-1-HKG-QBTU.A,INTL.4415-2-HKG-QBTU.A
HKG,2019,0.0,0.85666038,-1.0,0,INTL.4415-1-HKG-QBTU.A,INTL.4415-2-HKG-QBTU.A
HKG,2020,0.0,0.61504509,-1.0,0,INTL.4415-1-HKG-QBTU.A,INTL.4415-2-HKG-QBTU.A
HKG,2021,0.0,0.55170303,-1.0,0,INTL.4415-1-HKG-QBTU.A,INTL.4415-2-HKG-QBTU.A
HKG,2022,0.0,0.47102015,-1.0,0,INTL.4415-1-HKG-QBTU.A,INTL.4415-2-HKG-QBTU.A
HKG,2023,0.0,0.58030019,-1.0,0,INTL.4415-1-HKG-QBTU.A,INTL.4415-2-HKG-QBTU.A
HKG,2024,0.0,0.594477167,-1.0,0,INTL.4415-1-HKG-QBTU.A,INTL.4415-2-HKG-QBTU.A
JPN,1980,0.0,10.735107204,-1.0,0,INTL.4415-1-JPN-QBTU.A,INTL.4415-2-JPN-QBTU.A
JPN,1981,0.0,10.41760151,-1.0,0,INTL.4415-1-JPN-QBTU.A,INTL.4415-2-JPN-QBTU.A
JPN,1982,0.0,9.774501075,-1.0,0,INTL.4415-1-JPN-QBTU.A,INTL.4415-2-JPN-QBTU.A
JPN,1983,0.0,9.41092202,-1.0,0,INTL.4415-1-JPN-QBTU.A,INTL.4415-2-JPN-QBTU.A
JPN,1984,0.018880152000000015,9.60879433835028,-0.9980351174835072,0,INTL.4415-1-JPN-QBTU.A,INTL.4415-2-JPN-QBTU.A
JPN,1985,0.024558513673723397,9.069691044496535,-0.9972922436328606,0,INTL.4415-1-JPN-QBTU.A,INTL.4415-2-JPN-QBTU.A
JPN,1986,0.027250579557428913,9.18544310546019,-0.9970332863374627,0,INTL.4415-1-JPN-QBTU.A,INTL.4415-2-JPN-QBTU.A
JPN,1987,0.027967647534246423,9.304905435833396,-0.9969943114707494,0,INTL.4415-1-JPN-QBTU.A,INTL.4415-2-JPN-QBTU.A
JPN,1988,0.0257271197632057,9.959864796047839,-0.9974169207825578,0,INTL.4415-1-JPN-QBTU.A,INTL.4415-2-JPN-QBTU.A
JPN,1989,0.02368594034608367,10.3455756617412,-0.9977105246609257,0,INTL.4415-1-JPN-QBTU.A,INTL.4415-2-JPN-QBTU.A
JPN,1990,0.023314280510018097,10.758634812557855,-0.9978329703613692,0,INTL.4415-1-JPN-QBTU.A,INTL.4415-2-JPN-QBTU.A
JPN,1991,0.0323049089253186,10.841148781634814,-0.997020158142277,0,INTL.4415-1-JPN-QBTU.A,INTL.4415-2-JPN-QBTU.A
JPN,1992,0.037065694444444255,11.031457084017912,-0.9966400001230895,0,INTL.4415-1-JPN-QBTU.A,INTL.4415-2-JPN-QBTU.A
JPN,1993,0.03389183743169382,10.791811747437855,-0.9968594858560481,0,INTL.4415-1-JPN-QBTU.A,INTL.4415-2-JPN-QBTU.A
JPN,1994,0.0316594551092895,11.36234232089959,-0.9972136506527306,0,INTL.4415-1-JPN-QBTU.A,INTL.4415-2-JPN-QBTU.A
JPN,1995,0.03199148787249533,11.42700315167335,-0.9972003606328042,0,INTL.4415-1-JPN-QBTU.A,INTL.4415-2-JPN-QBTU.A
JPN,1996,0.03089112460610189,11.515450622102826,-0.9973174193854986,0,INTL.4415-1-JPN-QBTU.A,INTL.4415-2-JPN-QBTU.A
JPN,1997,0.03090571119125672,11.391373629901155,-0.9972869197170277,0,INTL.4415-1-JPN-QBTU.A,INTL.4415-2-JPN-QBTU.A
JPN,1998,0.029052153123861467,10.99316467125961,-0.9973572529846828,0,INTL.4415-1-JPN-QBTU.A,INTL.4415-2-JPN-QBTU.A
JPN,1999,0.026838145974499007,11.26990653285381,-0.9976186008378808,0,INTL.4415-1-JPN-QBTU.A,INTL.4415-2-JPN-QBTU.A
JPN,2000,0.02738179622987242,11.028215664626869,-0.9975171145484849,0,INTL.4415-1-JPN-QBTU.A,INTL.4415-2-JPN-QBTU.A
JPN,2001,0.027774194825136548,10.782040362459835,-0.9974240316404455,0,INTL.4415-1-JPN-QBTU.A,INTL.4415-2-JPN-QBTU.A
JPN,2002,0.0261798666703096,10.588063350446385,-0.9975274168841078,0,INTL.4415-1-JPN-QBTU.A,INTL.4415-2-JPN-QBTU.A
JPN,2003,0.029915302932836004,10.85702400882617,-0.9972446129889263,0,INTL.4415-1-JPN-QBTU.A,INTL.4415-2-JPN-QBTU.A
JPN,2004,0.03049178528977043,10.654778439607925,-0.997138205598305,0,INTL.4415-1-JPN-QBTU.A,INTL.4415-2-JPN-QBTU.A
JPN,2005,0.033416033688834175,10.66850916960458,-0.9968677878832369,0,INTL.4415-1-JPN-QBTU.A,INTL.4415-2-JPN-QBTU.A
JPN,2006,0.03261416941201451,10.37313675505962,-0.9968559009504906,0,INTL.4415-1-JPN-QBTU.A,INTL.4415-2-JPN-QBTU.A
JPN,2007,0.03486506601440613,10.028789791804595,-0.9965235021634518,0,INTL.4415-1-JPN-QBTU.A,INTL.4415-2-JPN-QBTU.A
JPN,2008,0.03603089099999993,9.549246126090743,-0.9962268339799564,0,INTL.4415-1-JPN-QBTU.A,INTL.4415-2-JPN-QBTU.A
JPN,2009,0.03329099401821488,8.64669292697456,-0.9961498581828483,0,INTL.4415-1-JPN-QBTU.A,INTL.4415-2-JPN-QBTU.A
JPN,2010,0.03177510379599266,8.873516062233586,-0.9964191078741347,0,INTL.4415-1-JPN-QBTU.A,INTL.4415-2-JPN-QBTU.A
JPN,2011,0.030484475520947123,8.919967015834555,-0.996582445263886,0,INTL.4415-1-JPN-QBTU.A,INTL.4415-2-JPN-QBTU.A
JPN,2012,0.02938895233333328,9.490583032104515,-0.9969033564920178,0,INTL.4415-1-JPN-QBTU.A,INTL.4415-2-JPN-QBTU.A
JPN,2013,0.028998874298724903,9.13760383079428,-0.9968264246474554,0,INTL.4415-1-JPN-QBTU.A,INTL.4415-2-JPN-QBTU.A
JPN,2014,0.027602399535519073,8.64789382316969,-0.9968081939834221,0,INTL.4415-1-JPN-QBTU.A,INTL.4415-2-JPN-QBTU.A
JPN,2015,0.026516916839708516,8.41465230104601,-0.9968487210295769,0,INTL.4415-1-JPN-QBTU.A,INTL.4415-2-JPN-QBTU.A
JPN,2016,0.021129141792349683,8.159844837039103,-0.9974105951504811,0,INTL.4415-1-JPN-QBTU.A,INTL.4415-2-JPN-QBTU.A
JPN,2017,0.020440056543883384,7.94375744789107,-0.9974269032409455,0,INTL.4415-1-JPN-QBTU.A,INTL.4415-2-JPN-QBTU.A
JPN,2018,0.01819534422211836,7.73585382636249,-0.9976479203678704,0,INTL.4415-1-JPN-QBTU.A,INTL.4415-2-JPN-QBTU.A
JPN,2019,0.0191113900266903,7.540774964617055,-0.9974655933751683,0,INTL.4415-1-JPN-QBTU.A,INTL.4415-2-JPN-QBTU.A
JPN,2020,0.0187083323468597,6.750694634479644,-0.9972286804010797,0,INTL.4415-1-JPN-QBTU.A,INTL.4415-2-JPN-QBTU.A
JPN,2021,0.017893070396890667,6.83281379721243,-0.9973813027944373,0,INTL.4415-1-JPN-QBTU.A,INTL.4415-2-JPN-QBTU.A
JPN,2022,0.015342232341959892,6.708234267087205,-0.9977129253793008,0,INTL.4415-1-JPN-QBTU.A,INTL.4415-2-JPN-QBTU.A
JPN,2023,0.014409803440526378,6.5994143677631,-0.9978165027019799,0,INTL.4415-1-JPN-QBTU.A,INTL.4415-2-JPN-QBTU.A
JPN,2024,0.014069584388881569,6.309444171319884,-0.997770075460397,0,INTL.4415-1-JPN-QBTU.A,INTL.4415-2-JPN-QBTU.A
KOR,1980,0.0,1.186885662,-1.0,0,INTL.4415-1-KOR-QBTU.A,INTL.4415-2-KOR-QBTU.A
KOR,1981,0.0,1.17795939,-1.0,0,INTL.4415-1-KOR-QBTU.A,INTL.4415-2-KOR-QBTU.A
KOR,1982,0.0,1.17257126,-1.0,0,INTL.4415-1-KOR-QBTU.A,INTL.4415-2-KOR-QBTU.A
KOR,1983,0.0,1.23081869,-1.0,0,INTL.4415-1-KOR-QBTU.A,INTL.4415-2-KOR-QBTU.A
KOR,1984,0.0,1.194585981712668,-1.0,0,INTL.4415-1-KOR-QBTU.A,INTL.4415-2-KOR-QBTU.A
KOR,1985,0.0,1.176462490086655,-1.0,0,INTL.4415-1-KOR-QBTU.A,INTL.4415-2-KOR-QBTU.A
KOR,1986,0.0,1.25539189979206,-1.0,0,INTL.4415-1-KOR-QBTU.A,INTL.4415-2-KOR-QBTU.A
KOR,1987,0.0,1.321116574380805,-1.0,0,INTL.4415-1-KOR-QBTU.A,INTL.4415-2-KOR-QBTU.A
KOR,1988,0.0,1.577096801164896,-1.0,0,INTL.4415-1-KOR-QBTU.A,INTL.4415-2-KOR-QBTU.A
KOR,1989,0.0,1.81091142792965,-1.0,0,INTL.4415-1-KOR-QBTU.A,INTL.4415-2-KOR-QBTU.A
KOR,1990,0.0,2.203744939867135,-1.0,0,INTL.4415-1-KOR-QBTU.A,INTL.4415-2-KOR-QBTU.A
KOR,1991,0.0,2.65664148633743,-1.0,0,INTL.4415-1-KOR-QBTU.A,INTL.4415-2-KOR-QBTU.A
KOR,1992,0.0,3.211747244633154,-1.0,0,INTL.4415-1-KOR-QBTU.A,INTL.4415-2-KOR-QBTU.A
KOR,1993,0.0,3.526899918363225,-1.0,0,INTL.4415-1-KOR-QBTU.A,INTL.4415-2-KOR-QBTU.A
KOR,1994,0.0,3.85329713532675,-1.0,0,INTL.4415-1-KOR-QBTU.A,INTL.4415-2-KOR-QBTU.A
KOR,1995,0.0,4.20012997877304,-1.0,0,INTL.4415-1-KOR-QBTU.A,INTL.4415-2-KOR-QBTU.A
KOR,1996,0.0,4.396409798383458,-1.0,0,INTL.4415-1-KOR-QBTU.A,INTL.4415-2-KOR-QBTU.A
KOR,1997,0.0,4.711018603336975,-1.0,0,INTL.4415-1-KOR-QBTU.A,INTL.4415-2-KOR-QBTU.A
KOR,1998,0.0,3.982799771965955,-1.0,0,INTL.4415-1-KOR-QBTU.A,INTL.4415-2-KOR-QBTU.A
KOR,1999,0.0,4.323680754462305,-1.0,0,INTL.4415-1-KOR-QBTU.A,INTL.4415-2-KOR-QBTU.A
KOR,2000,0.0,4.438430295566862,-1.0,0,INTL.4415-1-KOR-QBTU.A,INTL.4415-2-KOR-QBTU.A
KOR,2001,0.0,4.41985610626466,-1.0,0,INTL.4415-1-KOR-QBTU.A,INTL.4415-2-KOR-QBTU.A
KOR,2002,0.0,4.440161428554075,-1.0,0,INTL.4415-1-KOR-QBTU.A,INTL.4415-2-KOR-QBTU.A
KOR,2003,0.0,4.50454765055255,-1.0,0,INTL.4415-1-KOR-QBTU.A,INTL.4415-2-KOR-QBTU.A
KOR,2004,0.0,4.475127313106166,-1.0,0,INTL.4415-1-KOR-QBTU.A,INTL.4415-2-KOR-QBTU.A
KOR,2005,0.0,4.53282943051637,-1.0,0,INTL.4415-1-KOR-QBTU.A,INTL.4415-2-KOR-QBTU.A
KOR,2006,0.0,4.50402973101468,-1.0,0,INTL.4415-1-KOR-QBTU.A,INTL.4415-2-KOR-QBTU.A
KOR,2007,0.0,4.61265319578014,-1.0,0,INTL.4415-1-KOR-QBTU.A,INTL.4415-2-KOR-QBTU.A
KOR,2008,0.0,4.401534091351818,-1.0,0,INTL.4415-1-KOR-QBTU.A,INTL.4415-2-KOR-QBTU.A
KOR,2009,0.0,4.48087589909293,-1.0,0,INTL.4415-1-KOR-QBTU.A,INTL.4415-2-KOR-QBTU.A
KOR,2010,0.0,4.648168536118545,-1.0,0,INTL.4415-1-KOR-QBTU.A,INTL.4415-2-KOR-QBTU.A
KOR,2011,0.0,4.623659025400865,-1.0,0,INTL.4415-1-KOR-QBTU.A,INTL.4415-2-KOR-QBTU.A
KOR,2012,0.0,4.778033157899136,-1.0,0,INTL.4415-1-KOR-QBTU.A,INTL.4415-2-KOR-QBTU.A
KOR,2013,0.0,4.785617859037065,-1.0,0,INTL.4415-1-KOR-QBTU.A,INTL.4415-2-KOR-QBTU.A
KOR,2014,0.0,4.827264732305045,-1.0,0,INTL.4415-1-KOR-QBTU.A,INTL.4415-2-KOR-QBTU.A
KOR,2015,0.0,5.08647845669546,-1.0,0,INTL.4415-1-KOR-QBTU.A,INTL.4415-2-KOR-QBTU.A
KOR,2016,0.0,5.362906834399194,-1.0,0,INTL.4415-1-KOR-QBTU.A,INTL.4415-2-KOR-QBTU.A
KOR,2017,0.0,5.393131535202415,-1.0,0,INTL.4415-1-KOR-QBTU.A,INTL.4415-2-KOR-QBTU.A
KOR,2018,0.0,5.24736675991998,-1.0,0,INTL.4415-1-KOR-QBTU.A,INTL.4415-2-KOR-QBTU.A
KOR,2019,0.0,5.28504176606724,-1.0,0,INTL.4415-1-KOR-QBTU.A,INTL.4415-2-KOR-QBTU.A
KOR,2020,0.0,4.997974239196128,-1.0,0,INTL.4415-1-KOR-QBTU.A,INTL.4415-2-KOR-QBTU.A
KOR,2021,0.0,5.213126138628325,-1.0,0,INTL.4415-1-KOR-QBTU.A,INTL.4415-2-KOR-QBTU.A
KOR,2022,0.0,5.137021542634805,-1.0,0,INTL.4415-1-KOR-QBTU.A,INTL.4415-2-KOR-QBTU.A
KOR,2023,0.0,4.932696188203725,-1.0,0,INTL.4415-1-KOR-QBTU.A,INTL.4415-2-KOR-QBTU.A
KOR,2024,0.0,5.115581822240022,-1.0,0,INTL.4415-1-KOR-QBTU.A,INTL.4415-2-KOR-QBTU.A
MEX,1980,0.0,2.680407222,-1.0,0,INTL.4415-1-MEX-QBTU.A,INTL.4415-2-MEX-QBTU.A
MEX,1981,0.0,2.943691055,-1.0,0,INTL.4415-1-MEX-QBTU.A,INTL.4415-2-MEX-QBTU.A
MEX,1982,0.0,3.101897385,-1.0,0,INTL.4415-1-MEX-QBTU.A,INTL.4415-2-MEX-QBTU.A
MEX,1983,0.0,2.8500952,-1.0,0,INTL.4415-1-MEX-QBTU.A,INTL.4415-2-MEX-QBTU.A
MEX,1984,6.243334976231911,2.848456623134886,1.1918308060316438,1,INTL.4415-1-MEX-QBTU.A,INTL.4415-2-MEX-QBTU.A
MEX,1985,6.1429013486877535,3.007957801667465,1.0422165980129205,1,INTL.4415-1-MEX-QBTU.A,INTL.4415-2-MEX-QBTU.A
MEX,1986,5.77337800321795,3.104555664306825,0.8596471210339888,1,INTL.4415-1-MEX-QBTU.A,INTL.4415-2-MEX-QBTU.A
MEX,1987,6.01936233056497,3.21860216115302,0.8701790495314327,1,INTL.4415-1-MEX-QBTU.A,INTL.4415-2-MEX-QBTU.A
MEX,1988,6.005781772624554,3.271091156346366,0.8360178562962127,1,INTL.4415-1-MEX-QBTU.A,INTL.4415-2-MEX-QBTU.A
MEX,1989,6.020441320605394,3.49665175768355,0.7217732098645692,1,INTL.4415-1-MEX-QBTU.A,INTL.4415-2-MEX-QBTU.A
MEX,1990,6.156639486977692,3.22276463827079,0.9103596377677474,1,INTL.4415-1-MEX-QBTU.A,INTL.4415-2-MEX-QBTU.A
MEX,1991,6.473063224108058,3.472428478075535,0.8641314759909796,1,INTL.4415-1-MEX-QBTU.A,INTL.4415-2-MEX-QBTU.A
MEX,1992,6.466409742945377,3.46665568974618,0.8653164091467161,1,INTL.4415-1-MEX-QBTU.A,INTL.4415-2-MEX-QBTU.A
MEX,1993,6.474715120211744,3.63187345638455,0.7827479943800633,1,INTL.4415-1-MEX-QBTU.A,INTL.4415-2-MEX-QBTU.A
MEX,1994,6.4141076205868295,3.98108589689084,0.6111452469780011,1,INTL.4415-1-MEX-QBTU.A,INTL.4415-2-MEX-QBTU.A
MEX,1995,6.28100946760116,3.66228429076756,0.7150524014302435,1,INTL.4415-1-MEX-QBTU.A,INTL.4415-2-MEX-QBTU.A
MEX,1996,6.844512044755184,3.678972257398368,0.8604413314047028,1,INTL.4415-1-MEX-QBTU.A,INTL.4415-2-MEX-QBTU.A
MEX,1997,7.2011941377893445,3.763416848481085,0.9134723650652058,1,INTL.4415-1-MEX-QBTU.A,INTL.4415-2-MEX-QBTU.A
MEX,1998,7.322859742368187,4.004526312164775,0.8286456802951009,1,INTL.4415-1-MEX-QBTU.A,INTL.4415-2-MEX-QBTU.A
MEX,1999,6.978021289986012,3.97923092810156,0.7536105383346366,1,INTL.4415-1-MEX-QBTU.A,INTL.4415-2-MEX-QBTU.A
MEX,2000,7.20553566217521,4.149490468647738,0.7364868570293152,1,INTL.4415-1-MEX-QBTU.A,INTL.4415-2-MEX-QBTU.A
MEX,2001,7.431392905797562,4.07824155254772,0.8222051857509749,1,INTL.4415-1-MEX-QBTU.A,INTL.4415-2-MEX-QBTU.A
MEX,2002,7.508267189377266,3.88387638854485,0.9331890200013152,1,INTL.4415-1-MEX-QBTU.A,INTL.4415-2-MEX-QBTU.A
MEX,2003,7.944793678553293,3.871577113120215,1.052081993053822,1,INTL.4415-1-MEX-QBTU.A,INTL.4415-2-MEX-QBTU.A
MEX,2004,8.023534206226572,4.016049126309588,0.9978675444141106,1,INTL.4415-1-MEX-QBTU.A,INTL.4415-2-MEX-QBTU.A
MEX,2005,7.871745875445509,4.112805533972155,0.9139601448267266,1,INTL.4415-1-MEX-QBTU.A,INTL.4415-2-MEX-QBTU.A
MEX,2006,7.704331296276315,4.110647872187405,0.8742377201422992,1,INTL.4415-1-MEX-QBTU.A,INTL.4415-2-MEX-QBTU.A
MEX,2007,7.266654677590785,4.231634983214305,0.7172215246389496,1,INTL.4415-1-MEX-QBTU.A,INTL.4415-2-MEX-QBTU.A
MEX,2008,6.665940170096497,4.219279438722168,0.5798764378865869,1,INTL.4415-1-MEX-QBTU.A,INTL.4415-2-MEX-QBTU.A
MEX,2009,6.234327993647319,4.06810759131935,0.5324884737439871,1,INTL.4415-1-MEX-QBTU.A,INTL.4415-2-MEX-QBTU.A
MEX,2010,6.188540822631995,4.13450613050862,0.49680291364586543,1,INTL.4415-1-MEX-QBTU.A,INTL.4415-2-MEX-QBTU.A
MEX,2011,6.144922425964654,4.19510930131097,0.4647824370259835,1,INTL.4415-1-MEX-QBTU.A,INTL.4415-2-MEX-QBTU.A
MEX,2012,6.123430820757322,4.16887750789092,0.46884402556006777,1,INTL.4415-1-MEX-QBTU.A,INTL.4415-2-MEX-QBTU.A
MEX,2013,6.042736669610041,4.12818005788505,0.4637773994542905,1,INTL.4415-1-MEX-QBTU.A,INTL.4415-2-MEX-QBTU.A
MEX,2014,5.837588198470329,4.010070968294655,0.4557318921846549,1,INTL.4415-1-MEX-QBTU.A,INTL.4415-2-MEX-QBTU.A
MEX,2015,5.4321008895004,3.93601362576404,0.3801021556285762,1,INTL.4415-1-MEX-QBTU.A,INTL.4415-2-MEX-QBTU.A
MEX,2016,5.169780731929655,4.049421791700936,0.27667133676339484,1,INTL.4415-1-MEX-QBTU.A,INTL.4415-2-MEX-QBTU.A
MEX,2017,4.672601858241911,3.965959997332055,0.17817674948441775,1,INTL.4415-1-MEX-QBTU.A,INTL.4415-2-MEX-QBTU.A
MEX,2018,4.331291189057405,3.79623331006955,0.14094441391908338,1,INTL.4415-1-MEX-QBTU.A,INTL.4415-2-MEX-QBTU.A
MEX,2019,3.998999404072934,3.849480254916655,0.03884138617552574,1,INTL.4415-1-MEX-QBTU.A,INTL.4415-2-MEX-QBTU.A
MEX,2020,4.062913560184582,3.25407928061103,0.2485601025128296,1,INTL.4415-1-MEX-QBTU.A,INTL.4415-2-MEX-QBTU.A
MEX,2021,4.12968838679496,3.319096025605065,0.2442208224578637,1,INTL.4415-1-MEX-QBTU.A,INTL.4415-2-MEX-QBTU.A
MEX,2022,4.265778674454051,3.62678766480807,0.17618649579249526,1,INTL.4415-1-MEX-QBTU.A,INTL.4415-2-MEX-QBTU.A
MEX,2023,4.464058519409653,3.6046021614073,0.23843306959201457,1,INTL.4415-1-MEX-QBTU.A,INTL.4415-2-MEX-QBTU.A
MEX,2024,4.2493305407626805,3.620159645764116,0.17379645003632532,1,INTL.4415-1-MEX-QBTU.A,INTL.4415-2-MEX-QBTU.A
MYS,1980,0.0,0.3380337092239016,-1.0,0,INTL.4415-1-MYS-QBTU.A,INTL.4415-2-MYS-QBTU.A
MYS,1981,0.0,0.3476448110994996,-1.0,0,INTL.4415-1-MYS-QBTU.A,INTL.4415-2-MYS-QBTU.A
MYS,1982,0.0,0.3792488848359075,-1.0,0,INTL.4415-1-MYS-QBTU.A,INTL.4415-2-MYS-QBTU.A
MYS,1983,0.0,0.40453214382315916,-1.0,0,INTL.4415-1-MYS-QBTU.A,INTL.4415-2-MYS-QBTU.A
MYS,1984,0.9453722424242429,0.40986587243165107,1.306540519745011,1,INTL.4415-1-MYS-QBTU.A,INTL.4415-2-MYS-QBTU.A
MYS,1985,0.9518739218244064,0.40874602032118207,1.3287662130054467,1,INTL.4415-1-MYS-QBTU.A,INTL.4415-2-MYS-QBTU.A
MYS,1986,1.0792741682648441,0.40432145,1.6693467988523587,1,INTL.4415-1-MYS-QBTU.A,INTL.4415-2-MYS-QBTU.A
MYS,1987,1.0683032022863261,0.41121484,1.597919866623311,1,INTL.4415-1-MYS-QBTU.A,INTL.4415-2-MYS-QBTU.A
MYS,1988,1.146270822222221,0.424798632,1.6983863314847518,1,INTL.4415-1-MYS-QBTU.A,INTL.4415-2-MYS-QBTU.A
MYS,1989,1.2408713967820268,0.454369155,1.7309763066597839,1,INTL.4415-1-MYS-QBTU.A,INTL.4415-2-MYS-QBTU.A
MYS,1990,1.3146343479963558,0.550665645,1.3873549402130503,1,INTL.4415-1-MYS-QBTU.A,INTL.4415-2-MYS-QBTU.A
MYS,1991,1.3796958150880376,0.584882205,1.3589293763656867,1,INTL.4415-1-MYS-QBTU.A,INTL.4415-2-MYS-QBTU.A
MYS,1992,1.4056914762598651,0.623791734,1.253462814016489,1,INTL.4415-1-MYS-QBTU.A,INTL.4415-2-MYS-QBTU.A
MYS,1993,1.2987840595021238,0.6993327,0.8571762188470864,1,INTL.4415-1-MYS-QBTU.A,INTL.4415-2-MYS-QBTU.A
MYS,1994,1.4141227967455967,0.787695185,0.7952665239988698,1,INTL.4415-1-MYS-QBTU.A,INTL.4415-2-MYS-QBTU.A
MYS,1995,1.5514252250425002,0.82635051,0.8774420857349022,1,INTL.4415-1-MYS-QBTU.A,INTL.4415-2-MYS-QBTU.A
MYS,1996,1.5455550659999986,0.907409526,0.7032607898806637,1,INTL.4415-1-MYS-QBTU.A,INTL.4415-2-MYS-QBTU.A
MYS,1997,1.5408917691590758,0.938264985,0.6422778146826781,1,INTL.4415-1-MYS-QBTU.A,INTL.4415-2-MYS-QBTU.A
MYS,1998,1.5752532920006057,0.921612955,0.7092351875637488,1,INTL.4415-1-MYS-QBTU.A,INTL.4415-2-MYS-QBTU.A
MYS,1999,1.5025318390801443,0.916483975,0.6394523854933135,1,INTL.4415-1-MYS-QBTU.A,INTL.4415-2-MYS-QBTU.A
MYS,2000,1.4481087334936236,0.9483099835218807,0.5270415356332805,1,INTL.4415-1-MYS-QBTU.A,INTL.4415-2-MYS-QBTU.A
MYS,2001,1.5304829526551291,1.0007240337166923,0.5293756331312545,1,INTL.4415-1-MYS-QBTU.A,INTL.4415-2-MYS-QBTU.A
MYS,2002,1.6281267305786264,1.0137175314598248,0.6060950709158685,1,INTL.4415-1-MYS-QBTU.A,INTL.4415-2-MYS-QBTU.A
MYS,2003,1.5858093596381284,0.9967113603023615,0.5910417226076952,1,INTL.4415-1-MYS-QBTU.A,INTL.4415-2-MYS-QBTU.A
MYS,2004,1.6144253536612008,1.0661095305635448,0.5143147184959659,1,INTL.4415-1-MYS-QBTU.A,INTL.4415-2-MYS-QBTU.A
MYS,2005,1.5701345946265923,1.0502096511003802,0.4950677638331064,1,INTL.4415-1-MYS-QBTU.A,INTL.4415-2-MYS-QBTU.A
MYS,2006,1.485235605919853,1.055738064460762,0.40682206687173406,1,INTL.4415-1-MYS-QBTU.A,INTL.4415-2-MYS-QBTU.A
MYS,2007,1.4856369699362464,1.2314630885229774,0.2063999187487839,1,INTL.4415-1-MYS-QBTU.A,INTL.4415-2-MYS-QBTU.A
MYS,2008,1.4959064482331499,1.1684065326479545,0.28029620379045966,1,INTL.4415-1-MYS-QBTU.A,INTL.4415-2-MYS-QBTU.A
MYS,2009,1.4150815685409823,1.2370421535331197,0.14392348271994101,1,INTL.4415-1-MYS-QBTU.A,INTL.4415-2-MYS-QBTU.A
MYS,2010,1.4302250043715834,1.1792364659149397,0.21283987199455204,1,INTL.4415-1-MYS-QBTU.A,INTL.4415-2-MYS-QBTU.A
MYS,2011,1.292799983387977,1.3114851659697042,-0.014247345731822611,0,INTL.4415-1-MYS-QBTU.A,INTL.4415-2-MYS-QBTU.A
MYS,2012,1.311357783557983,1.2930882236933912,0.01412862597449797,1,INTL.4415-1-MYS-QBTU.A,INTL.4415-2-MYS-QBTU.A
MYS,2013,1.2503886802975095,1.4333470174095844,-0.12764413285118228,0,INTL.4415-1-MYS-QBTU.A,INTL.4415-2-MYS-QBTU.A
MYS,2014,1.3099430109593189,1.459716003448417,-0.10260419981371444,0,INTL.4415-1-MYS-QBTU.A,INTL.4415-2-MYS-QBTU.A
MYS,2015,1.4119019440801446,1.38734191,0.017702942514109317,1,INTL.4415-1-MYS-QBTU.A,INTL.4415-2-MYS-QBTU.A
MYS,2016,1.4792182503946556,1.39891539,0.05740365783998961,1,INTL.4415-1-MYS-QBTU.A,INTL.4415-2-MYS-QBTU.A
MYS,2017,1.4591671967241207,1.4107573844699999,0.03431476793035367,1,INTL.4415-1-MYS-QBTU.A,INTL.4415-2-MYS-QBTU.A
MYS,2018,1.4487251974786604,1.44090584,0.005426695667123015,1,INTL.4415-1-MYS-QBTU.A,INTL.4415-2-MYS-QBTU.A
MYS,2019,1.3484494402261198,1.54879935,-0.12935820884343743,0,INTL.4415-1-MYS-QBTU.A,INTL.4415-2-MYS-QBTU.A
MYS,2020,1.2375050468195405,1.23599822,0.001219117305476879,1,INTL.4415-1-MYS-QBTU.A,INTL.4415-2-MYS-QBTU.A
MYS,2021,1.1316499106135292,1.13924434,-0.006666198917846653,0,INTL.4415-1-MYS-QBTU.A,INTL.4415-2-MYS-QBTU.A
MYS,2022,1.1233759719793555,1.22052686,-0.0795975010501978,0,INTL.4415-1-MYS-QBTU.A,INTL.4415-2-MYS-QBTU.A
MYS,2023,1.1120986009168177,1.408159512,-0.2102467146372422,0,INTL.4415-1-MYS-QBTU.A,INTL.4415-2-MYS-QBTU.A
MYS,2024,1.0610591761166475,1.457647533,-0.27207424833843735,0,INTL.4415-1-MYS-QBTU.A,INTL.4415-2-MYS-QBTU.A
NLD,1980,0.0,1.710336666,-1.0,0,INTL.4415-1-NLD-QBTU.A,INTL.4415-2-NLD-QBTU.A
NLD,1981,0.0,1.56848749,-1.0,0,INTL.4415-1-NLD-QBTU.A,INTL.4415-2-NLD-QBTU.A
NLD,1982,0.0,1.37859113,-1.0,0,INTL.4415-1-NLD-QBTU.A,INTL.4415-2-NLD-QBTU.A
NLD,1983,0.0,1.30812642,-1.0,0,INTL.4415-1-NLD-QBTU.A,INTL.4415-2-NLD-QBTU.A
NLD,1984,0.1307186885245891,1.202532001370652,-0.8912971227579847,0,INTL.4415-1-NLD-QBTU.A,INTL.4415-2-NLD-QBTU.A
NLD,1985,0.16182947368421038,1.242817364304025,-0.8697882099717569,0,INTL.4415-1-NLD-QBTU.A,INTL.4415-2-NLD-QBTU.A
NLD,1986,0.20228709677419485,1.38646972996662,-0.8540991610548433,0,INTL.4415-1-NLD-QBTU.A,INTL.4415-2-NLD-QBTU.A
NLD,1987,0.1888068965517242,1.41530624681683,-0.8665964366536427,0,INTL.4415-1-NLD-QBTU.A,INTL.4415-2-NLD-QBTU.A
NLD,1988,0.17128623376623509,1.502310064966998,-0.885984765887861,0,INTL.4415-1-NLD-QBTU.A,INTL.4415-2-NLD-QBTU.A
NLD,1989,0.16297814341054687,1.482635179576665,-0.890075356597783,0,INTL.4415-1-NLD-QBTU.A,INTL.4415-2-NLD-QBTU.A
NLD,1990,0.17028938032538618,1.644167213226185,-0.8964281862845055,0,INTL.4415-1-NLD-QBTU.A,INTL.4415-2-NLD-QBTU.A
NLD,1991,0.15729239971634484,1.64854149755504,-0.9045869333895289,0,INTL.4415-1-NLD-QBTU.A,INTL.4415-2-NLD-QBTU.A
NLD,1992,0.14160628783748588,1.675060445169582,-0.9154619833297121,0,INTL.4415-1-NLD-QBTU.A,INTL.4415-2-NLD-QBTU.A
NLD,1993,0.1376967015381458,1.67393622415991,-0.9177407719895356,0,INTL.4415-1-NLD-QBTU.A,INTL.4415-2-NLD-QBTU.A
NLD,1994,0.1876309335984683,1.727889784370245,-0.8914103577116447,0,INTL.4415-1-NLD-QBTU.A,INTL.4415-2-NLD-QBTU.A
NLD,1995,0.14682633125307024,1.746974294020165,-0.9159539257356838,0,INTL.4415-1-NLD-QBTU.A,INTL.4415-2-NLD-QBTU.A
NLD,1996,0.12810527688907888,1.786396164967494,-0.9282884281766189,0,INTL.4415-1-NLD-QBTU.A,INTL.4415-2-NLD-QBTU.A
NLD,1997,0.12147871783727271,1.845847390922245,-0.9341881032881174,0,INTL.4415-1-NLD-QBTU.A,INTL.4415-2-NLD-QBTU.A
NLD,1998,0.10925204739479158,1.857843896928075,-0.9411941726775653,0,INTL.4415-1-NLD-QBTU.A,INTL.4415-2-NLD-QBTU.A
NLD,1999,0.10330874270103665,1.89649871252349,-0.945526594867247,0,INTL.4415-1-NLD-QBTU.A,INTL.4415-2-NLD-QBTU.A
NLD,2000,0.09565595470842429,1.938717562555704,-0.9506601907591292,0,INTL.4415-1-NLD-QBTU.A,INTL.4415-2-NLD-QBTU.A
NLD,2001,0.09306477919317341,2.00327647007683,-0.9535437167144463,0,INTL.4415-1-NLD-QBTU.A,INTL.4415-2-NLD-QBTU.A
NLD,2002,0.12869785698751052,2.065128082968935,-0.9376804479834064,0,INTL.4415-1-NLD-QBTU.A,INTL.4415-2-NLD-QBTU.A
NLD,2003,0.12875911899771642,2.11348030980121,-0.9390772090941186,0,INTL.4415-1-NLD-QBTU.A,INTL.4415-2-NLD-QBTU.A
NLD,2004,0.1205460396440562,2.166868565358114,-0.944368550279775,0,INTL.4415-1-NLD-QBTU.A,INTL.4415-2-NLD-QBTU.A
NLD,2005,0.09337092595525846,2.218057538439355,-0.9579041912407038,0,INTL.4415-1-NLD-QBTU.A,INTL.4415-2-NLD-QBTU.A
NLD,2006,0.08346852882465108,2.274654244692245,-0.9633049598551431,0,INTL.4415-1-NLD-QBTU.A,INTL.4415-2-NLD-QBTU.A
NLD,2007,0.10883451159543543,2.29459241939685,-0.952569131373648,0,INTL.4415-1-NLD-QBTU.A,INTL.4415-2-NLD-QBTU.A
NLD,2008,0.09140358032488881,2.198548764985428,-0.9584254933160445,0,INTL.4415-1-NLD-QBTU.A,INTL.4415-2-NLD-QBTU.A
NLD,2009,0.07140789619260565,2.076421717539175,-0.9656101187974314,0,INTL.4415-1-NLD-QBTU.A,INTL.4415-2-NLD-QBTU.A
NLD,2010,0.05972327405052905,2.08657406164178,-0.971377352403424,0,INTL.4415-1-NLD-QBTU.A,INTL.4415-2-NLD-QBTU.A
NLD,2011,0.06443471516088321,2.09702544347108,-0.9692732792720777,0,INTL.4415-1-NLD-QBTU.A,INTL.4415-2-NLD-QBTU.A
NLD,2012,0.05994229920346356,2.04909312597231,-0.9707469131374786,0,INTL.4415-1-NLD-QBTU.A,INTL.4415-2-NLD-QBTU.A
NLD,2013,0.06299227669938297,1.960867092821185,-0.9678752951028654,0,INTL.4415-1-NLD-QBTU.A,INTL.4415-2-NLD-QBTU.A
NLD,2014,0.07944416581527267,1.925901037974085,-0.9587496116109671,0,INTL.4415-1-NLD-QBTU.A,INTL.4415-2-NLD-QBTU.A
NLD,2015,0.07564884113583185,1.884225415405185,-0.9598514909536107,0,INTL.4415-1-NLD-QBTU.A,INTL.4415-2-NLD-QBTU.A
NLD,2016,0.05031085480746607,1.934953091338194,-0.9739989279157814,0,INTL.4415-1-NLD-QBTU.A,INTL.4415-2-NLD-QBTU.A
NLD,2017,0.04010983895203724,1.95353384483796,-0.9794680603778512,0,INTL.4415-1-NLD-QBTU.A,INTL.4415-2-NLD-QBTU.A
NLD,2018,0.037756874392606124,1.9090498881265,-0.9802221646341259,0,INTL.4415-1-NLD-QBTU.A,INTL.4415-2-NLD-QBTU.A
NLD,2019,0.045587612103147185,1.86340113401556,-0.9755352665236886,0,INTL.4415-1-NLD-QBTU.A,INTL.4415-2-NLD-QBTU.A
NLD,2020,0.07787191566315439,1.784987081480682,-0.956373961206174,0,INTL.4415-1-NLD-QBTU.A,INTL.4415-2-NLD-QBTU.A
NLD,2021,0.07710961375503946,1.773907910054795,-0.9565312193953418,0,INTL.4415-1-NLD-QBTU.A,INTL.4415-2-NLD-QBTU.A
NLD,2022,0.06954144263553551,1.74968687922565,-0.9602549213455198,0,INTL.4415-1-NLD-QBTU.A,INTL.4415-2-NLD-QBTU.A
NLD,2023,0.06272952916908196,1.757636371366545,-0.964310291826568,0,INTL.4415-1-NLD-QBTU.A,INTL.4415-2-NLD-QBTU.A
NLD,2024,0.057300387477700554,1.684766350043598,-0.9659891192175,0,INTL.4415-1-NLD-QBTU.A,INTL.4415-2-NLD-QBTU.A
NOR,1980,0.0,0.4236999,-1.0,0,INTL.4415-1-NOR-QBTU.A,INTL.4415-2-NOR-QBTU.A
NOR,1981,0.0,0.388223855,-1.0,0,INTL.4415-1-NOR-QBTU.A,INTL.4415-2-NOR-QBTU.A
NOR,1982,0.0,0.35113073,-1.0,0,INTL.4415-1-NOR-QBTU.A,INTL.4415-2-NOR-QBTU.A
NOR,1983,0.0,0.344948725,-1.0,0,INTL.4415-1-NOR-QBTU.A,INTL.4415-2-NOR-QBTU.A
NOR,1984,1.5282906995972518,0.37714801383354,3.052230539577456,1,INTL.4415-1-NOR-QBTU.A,INTL.4415-2-NOR-QBTU.A
NOR,1985,1.6653824913594297,0.392685319143045,3.24101032092003,1,INTL.4415-1-NOR-QBTU.A,INTL.4415-2-NOR-QBTU.A
NOR,1986,1.8259169565321924,0.406192427656795,3.4952018605205715,1,INTL.4415-1-NOR-QBTU.A,INTL.4415-2-NOR-QBTU.A
NOR,1987,2.1230466854134153,0.40442631073101,4.24952662346809,1,INTL.4415-1-NOR-QBTU.A,INTL.4415-2-NOR-QBTU.A
NOR,1988,2.415917835041978,0.390245533876548,5.190763571444844,1,INTL.4415-1-NOR-QBTU.A,INTL.4415-2-NOR-QBTU.A
NOR,1989,3.1713003346595174,0.37888896274353,7.369999251749571,1,INTL.4415-1-NOR-QBTU.A,INTL.4415-2-NOR-QBTU.A
NOR,1990,3.478598660559117,0.399907547970355,7.698507137997266,1,INTL.4415-1-NOR-QBTU.A,INTL.4415-2-NOR-QBTU.A
NOR,1991,3.9671439256051237,0.37921444099613,9.46147903857282,1,INTL.4415-1-NOR-QBTU.A,INTL.4415-2-NOR-QBTU.A
NOR,1992,4.531208727094517,0.380069616473424,10.92204935805848,1,INTL.4415-1-NOR-QBTU.A,INTL.4415-2-NOR-QBTU.A
NOR,1993,4.830068430880014,0.389518495036095,11.400100360914655,1,INTL.4415-1-NOR-QBTU.A,INTL.4415-2-NOR-QBTU.A
NOR,1994,5.450591813948865,0.40060379057342,12.605941686540074,1,INTL.4415-1-NOR-QBTU.A,INTL.4415-2-NOR-QBTU.A
NOR,1995,5.871341306223699,0.41658753165632,13.0938959043726,1,INTL.4415-1-NOR-QBTU.A,INTL.4415-2-NOR-QBTU.A
NOR,1996,6.562626168983487,0.441058950311958,13.87924950699172,1,INTL.4415-1-NOR-QBTU.A,INTL.4415-2-NOR-QBTU.A
NOR,1997,6.629132430421294,0.442209390444035,13.990935456537443,1,INTL.4415-1-NOR-QBTU.A,INTL.4415-2-NOR-QBTU.A
NOR,1998,6.345371490803917,0.445574093479235,13.24088963803195,1,INTL.4415-1-NOR-QBTU.A,INTL.4415-2-NOR-QBTU.A
NOR,1999,6.349027889945941,0.446899321436955,13.20684164283658,1,INTL.4415-1-NOR-QBTU.A,INTL.4415-2-NOR-QBTU.A
NOR,2000,6.793344228031091,0.420246064751952,15.16515845791638,1,INTL.4415-1-NOR-QBTU.A,INTL.4415-2-NOR-QBTU.A
NOR,2001,6.893034770852705,0.439137215704725,14.696767489384385,1,INTL.4415-1-NOR-QBTU.A,INTL.4415-2-NOR-QBTU.A
NOR,2002,6.7197797159825,0.43402452819184,14.482488383726412,1,INTL.4415-1-NOR-QBTU.A,INTL.4415-2-NOR-QBTU.A
NOR,2003,6.568426460454456,0.45829642589804,13.332266387597302,1,INTL.4415-1-NOR-QBTU.A,INTL.4415-2-NOR-QBTU.A
NOR,2004,6.432592463969407,0.434789183243136,13.794738949088057,1,INTL.4415-1-NOR-QBTU.A,INTL.4415-2-NOR-QBTU.A
NOR,2005,5.949770608159164,0.445221674258355,12.363614020072633,1,INTL.4415-1-NOR-QBTU.A,INTL.4415-2-NOR-QBTU.A
NOR,2006,5.5539521246424215,0.45699420793598,11.153222137599762,1,INTL.4415-1-NOR-QBTU.A,INTL.4415-2-NOR-QBTU.A
NOR,2007,5.099650954767,0.483673309564415,9.543585626752131,1,INTL.4415-1-NOR-QBTU.A,INTL.4415-2-NOR-QBTU.A
NOR,2008,4.925325024935113,0.45253478382045,9.88385954192045,1,INTL.4415-1-NOR-QBTU.A,INTL.4415-2-NOR-QBTU.A
NOR,2009,4.6788110376448735,0.453330619684955,9.320968481891743,1,INTL.4415-1-NOR-QBTU.A,INTL.4415-2-NOR-QBTU.A
NOR,2010,4.261262831166096,0.47130697866848,8.041374356910367,1,INTL.4415-1-NOR-QBTU.A,INTL.4415-2-NOR-QBTU.A
NOR,2011,4.055643348604417,0.46114366667832,7.79475018667775,1,INTL.4415-1-NOR-QBTU.A,INTL.4415-2-NOR-QBTU.A
NOR,2012,3.8016470919468683,0.460852204840554,7.249167633389462,1,INTL.4415-1-NOR-QBTU.A,INTL.4415-2-NOR-QBTU.A
NOR,2013,3.628739977021645,0.46882590230609,6.740058642605652,1,INTL.4415-1-NOR-QBTU.A,INTL.4415-2-NOR-QBTU.A
NOR,2014,3.7227363916239833,0.46219723906079,7.054432344054643,1,INTL.4415-1-NOR-QBTU.A,INTL.4415-2-NOR-QBTU.A
NOR,2015,3.8391574644762154,0.47343551394233,7.109145493770182,1,INTL.4415-1-NOR-QBTU.A,INTL.4415-2-NOR-QBTU.A
NOR,2016,3.9407012703096758,0.473013928110252,7.331047007544271,1,INTL.4415-1-NOR-QBTU.A,INTL.4415-2-NOR-QBTU.A
NOR,2017,3.8757874713534806,0.48768455810427,6.947324570659899,1,INTL.4415-1-NOR-QBTU.A,INTL.4415-2-NOR-QBTU.A
NOR,2018,3.643542243777396,0.500084562532185,6.285852267321091,1,INTL.4415-1-NOR-QBTU.A,INTL.4415-2-NOR-QBTU.A
NOR,2019,3.423179897465656,0.484841594722125,6.060408873185823,1,INTL.4415-1-NOR-QBTU.A,INTL.4415-2-NOR-QBTU.A
NOR,2020,3.9821790844655305,0.44999849672406,7.849316416511077,1,INTL.4415-1-NOR-QBTU.A,INTL.4415-2-NOR-QBTU.A
NOR,2021,4.037365967458756,0.459557181384705,7.785339737905199,1,INTL.4415-1-NOR-QBTU.A,INTL.4415-2-NOR-QBTU.A
NOR,2022,3.807605834360629,0.46311898141997,7.221657904597479,1,INTL.4415-1-NOR-QBTU.A,INTL.4415-2-NOR-QBTU.A
NOR,2023,4.045501568000548,0.48219058566342,7.389839387748644,1,INTL.4415-1-NOR-QBTU.A,INTL.4415-2-NOR-QBTU.A
NOR,2024,4.01714032251749,0.48470991007743,7.287720632482576,1,INTL.4415-1-NOR-QBTU.A,INTL.4415-2-NOR-QBTU.A
SGP,1980,0.0,0.44885125363624706,-1.0,0,INTL.4415-1-SGP-QBTU.A,INTL.4415-2-SGP-QBTU.A
SGP,1981,0.0,0.4742164613637908,-1.0,0,INTL.4415-1-SGP-QBTU.A,INTL.4415-2-SGP-QBTU.A
SGP,1982,0.0,0.4919441795436486,-1.0,0,INTL.4415-1-SGP-QBTU.A,INTL.4415-2-SGP-QBTU.A
SGP,1983,0.0,0.48751225000021825,-1.0,0,INTL.4415-1-SGP-QBTU.A,INTL.4415-2-SGP-QBTU.A
SGP,1984,0.0,0.5221784386364465,-1.0,0,INTL.4415-1-SGP-QBTU.A,INTL.4415-2-SGP-QBTU.A
SGP,1985,0.0,0.5030240034090736,-1.0,0,INTL.4415-1-SGP-QBTU.A,INTL.4415-2-SGP-QBTU.A
SGP,1986,0.0,0.5703893325,-1.0,0,INTL.4415-1-SGP-QBTU.A,INTL.4415-2-SGP-QBTU.A
SGP,1987,0.0,0.631441605,-1.0,0,INTL.4415-1-SGP-QBTU.A,INTL.4415-2-SGP-QBTU.A
SGP,1988,0.0,0.672706902,-1.0,0,INTL.4415-1-SGP-QBTU.A,INTL.4415-2-SGP-QBTU.A
SGP,1989,0.0,0.73045114,-1.0,0,INTL.4415-1-SGP-QBTU.A,INTL.4415-2-SGP-QBTU.A
SGP,1990,0.0,0.799982545,-1.0,0,INTL.4415-1-SGP-QBTU.A,INTL.4415-2-SGP-QBTU.A
SGP,1991,0.0,0.827187455,-1.0,0,INTL.4415-1-SGP-QBTU.A,INTL.4415-2-SGP-QBTU.A
SGP,1992,0.0,0.912292698,-1.0,0,INTL.4415-1-SGP-QBTU.A,INTL.4415-2-SGP-QBTU.A
SGP,1993,0.0,0.978936205,-1.0,0,INTL.4415-1-SGP-QBTU.A,INTL.4415-2-SGP-QBTU.A
SGP,1994,0.0,1.1280544,-1.0,0,INTL.4415-1-SGP-QBTU.A,INTL.4415-2-SGP-QBTU.A
SGP,1995,0.0,1.084196365,-1.0,0,INTL.4415-1-SGP-QBTU.A,INTL.4415-2-SGP-QBTU.A
SGP,1996,0.0,1.294145622,-1.0,0,INTL.4415-1-SGP-QBTU.A,INTL.4415-2-SGP-QBTU.A
SGP,1997,0.0,1.39271663,-1.0,0,INTL.4415-1-SGP-QBTU.A,INTL.4415-2-SGP-QBTU.A
SGP,1998,0.0,1.476540705,-1.0,0,INTL.4415-1-SGP-QBTU.A,INTL.4415-2-SGP-QBTU.A
SGP,1999,0.0,1.57225867,-1.0,0,INTL.4415-1-SGP-QBTU.A,INTL.4415-2-SGP-QBTU.A
SGP,2000,0.0,1.5933205843579028,-1.0,0,INTL.4415-1-SGP-QBTU.A,INTL.4415-2-SGP-QBTU.A
SGP,2001,0.0,1.6943870707920157,-1.0,0,INTL.4415-1-SGP-QBTU.A,INTL.4415-2-SGP-QBTU.A
SGP,2002,0.0,1.6740347660425903,-1.0,0,INTL.4415-1-SGP-QBTU.A,INTL.4415-2-SGP-QBTU.A
SGP,2003,0.0,1.7093079088427068,-1.0,0,INTL.4415-1-SGP-QBTU.A,INTL.4415-2-SGP-QBTU.A
SGP,2004,0.0,1.8136488082400615,-1.0,0,INTL.4415-1-SGP-QBTU.A,INTL.4415-2-SGP-QBTU.A
SGP,2005,0.0,1.8868710726788105,-1.0,0,INTL.4415-1-SGP-QBTU.A,INTL.4415-2-SGP-QBTU.A
SGP,2006,0.0,2.0625016425895786,-1.0,0,INTL.4415-1-SGP-QBTU.A,INTL.4415-2-SGP-QBTU.A
SGP,2007,0.0,2.187390135939781,-1.0,0,INTL.4415-1-SGP-QBTU.A,INTL.4415-2-SGP-QBTU.A
SGP,2008,0.0,2.246851282837415,-1.0,0,INTL.4415-1-SGP-QBTU.A,INTL.4415-2-SGP-QBTU.A
SGP,2009,0.0,2.288253952715694,-1.0,0,INTL.4415-1-SGP-QBTU.A,INTL.4415-2-SGP-QBTU.A
SGP,2010,0.0,2.6067678604769124,-1.0,0,INTL.4415-1-SGP-QBTU.A,INTL.4415-2-SGP-QBTU.A
SGP,2011,0.0,2.8128604798791774,-1.0,0,INTL.4415-1-SGP-QBTU.A,INTL.4415-2-SGP-QBTU.A
SGP,2012,0.0,2.788160332103119,-1.0,0,INTL.4415-1-SGP-QBTU.A,INTL.4415-2-SGP-QBTU.A
SGP,2013,0.0,2.7729917856812056,-1.0,0,INTL.4415-1-SGP-QBTU.A,INTL.4415-2-SGP-QBTU.A
SGP,2014,0.0,2.7422437020463892,-1.0,0,INTL.4415-1-SGP-QBTU.A,INTL.4415-2-SGP-QBTU.A
SGP,2015,0.0,2.814014,-1.0,0,INTL.4415-1-SGP-QBTU.A,INTL.4415-2-SGP-QBTU.A
SGP,2016,0.0,3.004565,-1.0,0,INTL.4415-1-SGP-QBTU.A,INTL.4415-2-SGP-QBTU.A
SGP,2017,0.0,3.15042377982,-1.0,0,INTL.4415-1-SGP-QBTU.A,INTL.4415-2-SGP-QBTU.A
SGP,2018,0.0,3.1518724,-1.0,0,INTL.4415-1-SGP-QBTU.A,INTL.4415-2-SGP-QBTU.A
SGP,2019,0.0,3.09891045,-1.0,0,INTL.4415-1-SGP-QBTU.A,INTL.4415-2-SGP-QBTU.A
SGP,2020,0.0,2.92589862,-1.0,0,INTL.4415-1-SGP-QBTU.A,INTL.4415-2-SGP-QBTU.A
SGP,2021,0.0,2.91048022,-1.0,0,INTL.4415-1-SGP-QBTU.A,INTL.4415-2-SGP-QBTU.A
SGP,2022,0.0,2.9095507757793153,-1.0,0,INTL.4415-1-SGP-QBTU.A,INTL.4415-2-SGP-QBTU.A
SGP,2023,0.0,3.15422342,-1.0,0,INTL.4415-1-SGP-QBTU.A,INTL.4415-2-SGP-QBTU.A
SGP,2024,0.0,3.232404299,-1.0,0,INTL.4415-1-SGP-QBTU.A,INTL.4415-2-SGP-QBTU.A
USA,1980,20.473757967,34.158965138,-0.40063295582031394,0,INTL.4415-1-USA-QBTU.A,INTL.4415-2-USA-QBTU.A
USA,1981,20.412303121,31.890665863,-0.35992860077962047,0,INTL.4415-1-USA-QBTU.A,INTL.4415-2-USA-QBTU.A
USA,1982,20.458149338,30.198363759,-0.32254113165641735,0,INTL.4415-1-USA-QBTU.A,INTL.4415-2-USA-QBTU.A
USA,1983,20.528111329,30.032291719,-0.316465372637119,0,INTL.4415-1-USA-QBTU.A,INTL.4415-2-USA-QBTU.A
USA,1984,21.082043165,31.035536117,-0.3207127762986469,0,INTL.4415-1-USA-QBTU.A,INTL.4415-2-USA-QBTU.A
USA,1985,21.196174616,30.918849461,-0.31445784738089483,0,INTL.4415-1-USA-QBTU.A,INTL.4415-2-USA-QBTU.A
USA,1986,20.4887396,32.2105668,-0.36391247855967573,0,INTL.4415-1-USA-QBTU.A,INTL.4415-2-USA-QBTU.A
USA,1987,19.853719522,32.886966681,-0.3963043258267349,0,INTL.4415-1-USA-QBTU.A,INTL.4415-2-USA-QBTU.A
USA,1988,19.509620491,34.243286226,-0.4302643629983482,0,INTL.4415-1-USA-QBTU.A,INTL.4415-2-USA-QBTU.A
USA,1989,18.240249847,34.235454038,-0.46721168567666593,0,INTL.4415-1-USA-QBTU.A,INTL.4415-2-USA-QBTU.A
USA,1990,17.709483519,33.563363508,-0.47235671076950164,0,INTL.4415-1-USA-QBTU.A,INTL.4415-2-USA-QBTU.A
USA,1991,17.965987247,32.862616797,-0.4533001629791058,0,INTL.4415-1-USA-QBTU.A,INTL.4415-2-USA-QBTU.A
USA,1992,17.545447913,33.55124763,-0.47705527655813135,0,INTL.4415-1-USA-QBTU.A,INTL.4415-2-USA-QBTU.A
USA,1993,16.86057939,33.68525793,-0.49946711332781524,0,INTL.4415-1-USA-QBTU.A,INTL.4415-2-USA-QBTU.A
USA,1994,16.451948662,34.562795501,-0.523998321793039,0,INTL.4415-1-USA-QBTU.A,INTL.4415-2-USA-QBTU.A
USA,1995,16.284600272,34.458440187,-0.5274133076359149,0,INTL.4415-1-USA-QBTU.A,INTL.4415-2-USA-QBTU.A
USA,1996,16.20324206,35.673079944,-0.5457851667017249,0,INTL.4415-1-USA-QBTU.A,INTL.4415-2-USA-QBTU.A
USA,1997,16.102818276,36.171674983,-0.5548224326474233,0,INTL.4415-1-USA-QBTU.A,INTL.4415-2-USA-QBTU.A
USA,1998,15.607424388,36.83754386,-0.5763174535382827,0,INTL.4415-1-USA-QBTU.A,INTL.4415-2-USA-QBTU.A
USA,1999,14.92401016,37.854558377,-0.605753948801377,0,INTL.4415-1-USA-QBTU.A,INTL.4415-2-USA-QBTU.A
USA,2000,14.90956652,38.291877775,-0.6106337065106231,0,INTL.4415-1-USA-QBTU.A,INTL.4415-2-USA-QBTU.A
USA,2001,14.772098514,38.232692653,-0.6136265198982558,0,INTL.4415-1-USA-QBTU.A,INTL.4415-2-USA-QBTU.A
USA,2002,14.662418785,38.295428778,-0.6171235248468276,0,INTL.4415-1-USA-QBTU.A,INTL.4415-2-USA-QBTU.A
USA,2003,14.255627525,38.948532283,-0.6339880686281417,0,INTL.4415-1-USA-QBTU.A,INTL.4415-2-USA-QBTU.A
USA,2004,13.95766714,40.444106636,-0.6548899629402115,0,INTL.4415-1-USA-QBTU.A,INTL.4415-2-USA-QBTU.A
USA,2005,13.254097616,40.572561186,-0.6733236150599862,0,INTL.4415-1-USA-QBTU.A,INTL.4415-2-USA-QBTU.A
USA,2006,13.065491311,40.228924947,-0.6752214649480874,0,INTL.4415-1-USA-QBTU.A,INTL.4415-2-USA-QBTU.A
USA,2007,13.09016213,39.997046624,-0.6727217823591675,0,INTL.4415-1-USA-QBTU.A,INTL.4415-2-USA-QBTU.A
USA,2008,12.97260073,37.629816605,-0.6552574022304354,0,INTL.4415-1-USA-QBTU.A,INTL.4415-2-USA-QBTU.A
USA,2009,13.848377711,35.75674743,-0.6127058889203895,0,INTL.4415-1-USA-QBTU.A,INTL.4415-2-USA-QBTU.A
USA,2010,14.315300531,36.444217857,-0.6071996774036846,0,INTL.4415-1-USA-QBTU.A,INTL.4415-2-USA-QBTU.A
USA,2011,14.902369958,35.845414344,-0.584260072572032,0,INTL.4415-1-USA-QBTU.A,INTL.4415-2-USA-QBTU.A
USA,2012,17.010786171,35.039689673,-0.5145280586172616,0,INTL.4415-1-USA-QBTU.A,INTL.4415-2-USA-QBTU.A
USA,2013,19.319145507,35.700419105,-0.4588538176490407,0,INTL.4415-1-USA-QBTU.A,INTL.4415-2-USA-QBTU.A
USA,2014,22.595413546,35.977828212,-0.3719628263035745,0,INTL.4415-1-USA-QBTU.A,INTL.4415-2-USA-QBTU.A
USA,2015,24.160881003,36.740258367,-0.34238674204040886,0,INTL.4415-1-USA-QBTU.A,INTL.4415-2-USA-QBTU.A
USA,2016,23.203751933,37.194180808,-0.3761456381367817,0,INTL.4415-1-USA-QBTU.A,INTL.4415-2-USA-QBTU.A
USA,2017,24.54180061,37.522870556,-0.3459508761896762,0,INTL.4415-1-USA-QBTU.A,INTL.4415-2-USA-QBTU.A
USA,2018,28.538574938,38.354616819,-0.25592856076031395,0,INTL.4415-1-USA-QBTU.A,INTL.4415-2-USA-QBTU.A
USA,2019,31.963585014,38.329385876,-0.16608147290943054,0,INTL.4415-1-USA-QBTU.A,INTL.4415-2-USA-QBTU.A
USA,2020,30.416810424,33.644493247,-0.09593495135456687,0,INTL.4415-1-USA-QBTU.A,INTL.4415-2-USA-QBTU.A
USA,2021,30.590471596,36.641232008,-0.16513528831887858,0,INTL.4415-1-USA-QBTU.A,INTL.4415-2-USA-QBTU.A
USA,2022,32.64657219,36.716509968,-0.11084762090806345,0,INTL.4415-1-USA-QBTU.A,INTL.4415-2-USA-QBTU.A
USA,2023,35.356627571,36.898626784,-0.04179015175894422,0,INTL.4415-1-USA-QBTU.A,INTL.4415-2-USA-QBTU.A
USA,2024,36.77735206,37.041438611,-0.007129489590654667,0,INTL.4415-1-USA-QBTU.A,INTL.4415-2-USA-QBTU.A
ZAF,1980,0.0,0.6479613416333204,-1.0,0,INTL.4415-1-ZAF-QBTU.A,INTL.4415-2-ZAF-QBTU.A
ZAF,1981,0.0,0.6710444537426613,-1.0,0,INTL.4415-1-ZAF-QBTU.A,INTL.4415-2-ZAF-QBTU.A
ZAF,1982,0.0,0.722822575169503,-1.0,0,INTL.4415-1-ZAF-QBTU.A,INTL.4415-2-ZAF-QBTU.A
ZAF,1983,0.0,0.7000402017439249,-1.0,0,INTL.4415-1-ZAF-QBTU.A,INTL.4415-2-ZAF-QBTU.A
ZAF,1984,0.0,0.7476477018846293,-1.0,0,INTL.4415-1-ZAF-QBTU.A,INTL.4415-2-ZAF-QBTU.A
ZAF,1985,0.0,0.72489370002672,-1.0,0,INTL.4415-1-ZAF-QBTU.A,INTL.4415-2-ZAF-QBTU.A
ZAF,1986,0.0,0.725307925,-1.0,0,INTL.4415-1-ZAF-QBTU.A,INTL.4415-2-ZAF-QBTU.A
ZAF,1987,0.0,0.719027735,-1.0,0,INTL.4415-1-ZAF-QBTU.A,INTL.4415-2-ZAF-QBTU.A
ZAF,1988,0.0,0.714063072,-1.0,0,INTL.4415-1-ZAF-QBTU.A,INTL.4415-2-ZAF-QBTU.A
ZAF,1989,0.0,0.7277297,-1.0,0,INTL.4415-1-ZAF-QBTU.A,INTL.4415-2-ZAF-QBTU.A
ZAF,1990,0.0,0.782139885,-1.0,0,INTL.4415-1-ZAF-QBTU.A,INTL.4415-2-ZAF-QBTU.A
ZAF,1991,0.0,0.82953623,-1.0,0,INTL.4415-1-ZAF-QBTU.A,INTL.4415-2-ZAF-QBTU.A
ZAF,1992,0.0,0.849331914,-1.0,0,INTL.4415-1-ZAF-QBTU.A,INTL.4415-2-ZAF-QBTU.A
ZAF,1993,0.0,0.82483722,-1.0,0,INTL.4415-1-ZAF-QBTU.A,INTL.4415-2-ZAF-QBTU.A
ZAF,1994,0.01362938032,0.841172795,-0.9837971693794495,0,INTL.4415-1-ZAF-QBTU.A,INTL.4415-2-ZAF-QBTU.A
ZAF,1995,0.01362938032,0.860874765,-0.9841679871752309,0,INTL.4415-1-ZAF-QBTU.A,INTL.4415-2-ZAF-QBTU.A
ZAF,1996,0.013666721088,0.877769016,-0.9844301623332761,0,INTL.4415-1-ZAF-QBTU.A,INTL.4415-2-ZAF-QBTU.A
ZAF,1997,0.01362938032,0.896311885,-0.9847939310544788,0,INTL.4415-1-ZAF-QBTU.A,INTL.4415-2-ZAF-QBTU.A
ZAF,1998,0.049271761395,0.916240155,-0.9462239663628363,0,INTL.4415-1-ZAF-QBTU.A,INTL.4415-2-ZAF-QBTU.A
ZAF,1999,0.036655855,0.952154695,-0.9615022063195309,0,INTL.4415-1-ZAF-QBTU.A,INTL.4415-2-ZAF-QBTU.A
ZAF,2000,0.043336596,0.9383680235263392,-0.9538170580055113,0,INTL.4415-1-ZAF-QBTU.A,INTL.4415-2-ZAF-QBTU.A
ZAF,2001,0.033262085,0.9370674746523148,-0.9645040662495075,0,INTL.4415-1-ZAF-QBTU.A,INTL.4415-2-ZAF-QBTU.A
ZAF,2002,0.04535646815,0.9737377472151288,-0.9534202424834421,0,INTL.4415-1-ZAF-QBTU.A,INTL.4415-2-ZAF-QBTU.A
ZAF,2003,0.030092337891,1.005161205610038,-0.9700621773671252,0,INTL.4415-1-ZAF-QBTU.A,INTL.4415-2-ZAF-QBTU.A
ZAF,2004,0.079604790518,1.0333228277263196,-0.9229623227301007,0,INTL.4415-1-ZAF-QBTU.A,INTL.4415-2-ZAF-QBTU.A
ZAF,2005,0.037063277933,1.0370402473477964,-0.9642605212017679,0,INTL.4415-1-ZAF-QBTU.A,INTL.4415-2-ZAF-QBTU.A
ZAF,2006,0.037816043219,1.0254518808270754,-0.963122557063819,0,INTL.4415-1-ZAF-QBTU.A,INTL.4415-2-ZAF-QBTU.A
ZAF,2007,0.037855253471,1.2054508197508667,-0.9685966006652817,0,INTL.4415-1-ZAF-QBTU.A,INTL.4415-2-ZAF-QBTU.A
ZAF,2008,0.038843198,1.2660436243913376,-0.9693192262480891,0,INTL.4415-1-ZAF-QBTU.A,INTL.4415-2-ZAF-QBTU.A
ZAF,2009,0.016743645,1.2069022734102675,-0.9861267599134695,0,INTL.4415-1-ZAF-QBTU.A,INTL.4415-2-ZAF-QBTU.A
ZAF,2010,0.0156971,1.2174474085854787,-0.9871065477742172,0,INTL.4415-1-ZAF-QBTU.A,INTL.4415-2-ZAF-QBTU.A
ZAF,2011,0.016743645,1.3534119670572329,-0.9876285673486349,0,INTL.4415-1-ZAF-QBTU.A,INTL.4415-2-ZAF-QBTU.A
ZAF,2012,0.016608494,1.2872032938258153,-0.9870972253725079,0,INTL.4415-1-ZAF-QBTU.A,INTL.4415-2-ZAF-QBTU.A
ZAF,2013,0.015878124,1.3202507318690124,-0.9879734026145759,0,INTL.4415-1-ZAF-QBTU.A,INTL.4415-2-ZAF-QBTU.A
ZAF,2014,0.01467884,1.2566196304625936,-0.9883187882441433,0,INTL.4415-1-ZAF-QBTU.A,INTL.4415-2-ZAF-QBTU.A
ZAF,2015,0.01467884,1.3278895776508823,-0.9889457374716596,0,INTL.4415-1-ZAF-QBTU.A,INTL.4415-2-ZAF-QBTU.A
ZAF,2016,0.009245526,1.204433205,-0.9923237536447694,0,INTL.4415-1-ZAF-QBTU.A,INTL.4415-2-ZAF-QBTU.A
ZAF,2017,0.007945493339,1.352295435,-0.9941244397242235,0,INTL.4415-1-ZAF-QBTU.A,INTL.4415-2-ZAF-QBTU.A
ZAF,2018,0.007046908108,1.38800601,-0.9949229988507038,0,INTL.4415-1-ZAF-QBTU.A,INTL.4415-2-ZAF-QBTU.A
ZAF,2019,0.006285447683,1.41969413,-0.9955726747401568,0,INTL.4415-1-ZAF-QBTU.A,INTL.4415-2-ZAF-QBTU.A
ZAF,2020,0.005653379732,1.19206917,-0.9952575069683247,0,INTL.4415-1-ZAF-QBTU.A,INTL.4415-2-ZAF-QBTU.A
ZAF,2021,0.005082276551,1.23352596,-0.9958798787250494,0,INTL.4415-1-ZAF-QBTU.A,INTL.4415-2-ZAF-QBTU.A
ZAF,2022,0.004606185977,1.23394588,-0.9962671085890736,0,INTL.4415-1-ZAF-QBTU.A,INTL.4415-2-ZAF-QBTU.A
ZAF,2023,0.004194297106,1.2391918,-0.9966152962713277,0,INTL.4415-1-ZAF-QBTU.A,INTL.4415-2-ZAF-QBTU.A
ZAF,2024,0.003847667486,1.268406365,-0.9969665340760097,0,INTL.4415-1-ZAF-QBTU.A,INTL.4415-2-ZAF-QBTU.A
