market,year,oil_rents_pct_gdp,indicator_code,indicator_name
AUS,1960,,NY.GDP.PETR.RT.ZS,Oil rents (% of GDP)
AUS,1961,,NY.GDP.PETR.RT.ZS,Oil rents (% of GDP)
AUS,1962,,NY.GDP.PETR.RT.ZS,Oil rents (% of GDP)
AUS,1963,,NY.GDP.PETR.RT.ZS,Oil rents (% of GDP)
AUS,1964,,NY.GDP.PETR.RT.ZS,Oil rents (% of GDP)
AUS,1965,,NY.GDP.PETR.RT.ZS,Oil rents (% of GDP)
AUS,1966,,NY.GDP.PETR.RT.ZS,Oil rents (% of GDP)
AUS,1967,,NY.GDP.PETR.RT.ZS,Oil rents (% of GDP)
AUS,1968,,NY.GDP.PETR.RT.ZS,Oil rents (% of GDP)
AUS,1969,,NY.GDP.PETR.RT.ZS,Oil rents (% of GDP)
AUS,1970,0.0153710223028318,NY.GDP.PETR.RT.ZS,Oil rents (% of GDP)
AUS,1971,0.0253198031265626,NY.GDP.PETR.RT.ZS,Oil rents (% of GDP)
AUS,1972,0.0772457057276175,NY.GDP.PETR.RT.ZS,Oil rents (% of GDP)
AUS,1973,0.248095609277592,NY.GDP.PETR.RT.ZS,Oil rents (% of GDP)
AUS,1974,1.24983188764352,NY.GDP.PETR.RT.ZS,Oil rents (% of GDP)
AUS,1975,1.31204877070562,NY.GDP.PETR.RT.ZS,Oil rents (% of GDP)
AUS,1976,1.35846553041966,NY.GDP.PETR.RT.ZS,Oil rents (% of GDP)
AUS,1977,1.51713853676785,NY.GDP.PETR.RT.ZS,Oil rents (% of GDP)
AUS,1978,1.35918446431775,NY.GDP.PETR.RT.ZS,Oil rents (% of GDP)
AUS,1979,2.93104683007127,NY.GDP.PETR.RT.ZS,Oil rents (% of GDP)
AUS,1980,2.80222598045723,NY.GDP.PETR.RT.ZS,Oil rents (% of GDP)
AUS,1981,1.90661890421157,NY.GDP.PETR.RT.ZS,Oil rents (% of GDP)
AUS,1982,1.14392595319274,NY.GDP.PETR.RT.ZS,Oil rents (% of GDP)
AUS,1983,1.42608236601379,NY.GDP.PETR.RT.ZS,Oil rents (% of GDP)
AUS,1984,1.5738765141311,NY.GDP.PETR.RT.ZS,Oil rents (% of GDP)
AUS,1985,1.90782675227061,NY.GDP.PETR.RT.ZS,Oil rents (% of GDP)
AUS,1986,0.912782136823864,NY.GDP.PETR.RT.ZS,Oil rents (% of GDP)
AUS,1987,1.29742789477165,NY.GDP.PETR.RT.ZS,Oil rents (% of GDP)
AUS,1988,0.775504211333759,NY.GDP.PETR.RT.ZS,Oil rents (% of GDP)
AUS,1989,0.794334616368393,NY.GDP.PETR.RT.ZS,Oil rents (% of GDP)
AUS,1990,1.18927836382777,NY.GDP.PETR.RT.ZS,Oil rents (% of GDP)
AUS,1991,0.645649685055411,NY.GDP.PETR.RT.ZS,Oil rents (% of GDP)
AUS,1992,0.613094302495831,NY.GDP.PETR.RT.ZS,Oil rents (% of GDP)
AUS,1993,0.610539248128821,NY.GDP.PETR.RT.ZS,Oil rents (% of GDP)
AUS,1994,0.467145046577168,NY.GDP.PETR.RT.ZS,Oil rents (% of GDP)
AUS,1995,0.472621236603855,NY.GDP.PETR.RT.ZS,Oil rents (% of GDP)
AUS,1996,0.49172140428228,NY.GDP.PETR.RT.ZS,Oil rents (% of GDP)
AUS,1997,0.390188127605254,NY.GDP.PETR.RT.ZS,Oil rents (% of GDP)
AUS,1998,0.214859613602787,NY.GDP.PETR.RT.ZS,Oil rents (% of GDP)
AUS,1999,0.302021117738925,NY.GDP.PETR.RT.ZS,Oil rents (% of GDP)
AUS,2000,0.876745345389259,NY.GDP.PETR.RT.ZS,Oil rents (% of GDP)
AUS,2001,0.720452604163645,NY.GDP.PETR.RT.ZS,Oil rents (% of GDP)
AUS,2002,0.803940893602656,NY.GDP.PETR.RT.ZS,Oil rents (% of GDP)
AUS,2003,0.757626170343175,NY.GDP.PETR.RT.ZS,Oil rents (% of GDP)
AUS,2004,0.73789012235773,NY.GDP.PETR.RT.ZS,Oil rents (% of GDP)
AUS,2005,0.887355262985534,NY.GDP.PETR.RT.ZS,Oil rents (% of GDP)
AUS,2006,0.865992075121712,NY.GDP.PETR.RT.ZS,Oil rents (% of GDP)
AUS,2007,0.871982126285964,NY.GDP.PETR.RT.ZS,Oil rents (% of GDP)
AUS,2008,0.935960985495543,NY.GDP.PETR.RT.ZS,Oil rents (% of GDP)
AUS,2009,0.553069182846371,NY.GDP.PETR.RT.ZS,Oil rents (% of GDP)
AUS,2010,0.706854443143111,NY.GDP.PETR.RT.ZS,Oil rents (% of GDP)
AUS,2011,0.877828805391789,NY.GDP.PETR.RT.ZS,Oil rents (% of GDP)
AUS,2012,0.679385653265247,NY.GDP.PETR.RT.ZS,Oil rents (% of GDP)
AUS,2013,0.538515503941203,NY.GDP.PETR.RT.ZS,Oil rents (% of GDP)
AUS,2014,0.488872500922202,NY.GDP.PETR.RT.ZS,Oil rents (% of GDP)
AUS,2015,0.197899254363141,NY.GDP.PETR.RT.ZS,Oil rents (% of GDP)
AUS,2016,0.173168975942925,NY.GDP.PETR.RT.ZS,Oil rents (% of GDP)
AUS,2017,0.198665473505862,NY.GDP.PETR.RT.ZS,Oil rents (% of GDP)
AUS,2018,0.264744671813473,NY.GDP.PETR.RT.ZS,Oil rents (% of GDP)
AUS,2019,0.229199447926395,NY.GDP.PETR.RT.ZS,Oil rents (% of GDP)
AUS,2020,0.108188865636013,NY.GDP.PETR.RT.ZS,Oil rents (% of GDP)
AUS,2021,0.264201375268924,NY.GDP.PETR.RT.ZS,Oil rents (% of GDP)
AUS,2022,,NY.GDP.PETR.RT.ZS,Oil rents (% of GDP)
AUS,2023,,NY.GDP.PETR.RT.ZS,Oil rents (% of GDP)
AUS,2024,,NY.GDP.PETR.RT.ZS,Oil rents (% of GDP)
AUS,2025,,NY.GDP.PETR.RT.ZS,Oil rents (% of GDP)
BEL,1960,,NY.GDP.PETR.RT.ZS,Oil rents (% of GDP)
BEL,1961,,NY.GDP.PETR.RT.ZS,Oil rents (% of GDP)
BEL,1962,,NY.GDP.PETR.RT.ZS,Oil rents (% of GDP)
BEL,1963,,NY.GDP.PETR.RT.ZS,Oil rents (% of GDP)
BEL,1964,,NY.GDP.PETR.RT.ZS,Oil rents (% of GDP)
BEL,1965,,NY.GDP.PETR.RT.ZS,Oil rents (% of GDP)
BEL,1966,,NY.GDP.PETR.RT.ZS,Oil rents (% of GDP)
BEL,1967,,NY.GDP.PETR.RT.ZS,Oil rents (% of GDP)
BEL,1968,,NY.GDP.PETR.RT.ZS,Oil rents (% of GDP)
BEL,1969,,NY.GDP.PETR.RT.ZS,Oil rents (% of GDP)
BEL,1970,,NY.GDP.PETR.RT.ZS,Oil rents (% of GDP)
BEL,1971,0.0,NY.GDP.PETR.RT.ZS,Oil rents (% of GDP)
BEL,1972,0.0,NY.GDP.PETR.RT.ZS,Oil rents (% of GDP)
BEL,1973,0.0,NY.GDP.PETR.RT.ZS,Oil rents (% of GDP)
BEL,1974,0.0,NY.GDP.PETR.RT.ZS,Oil rents (% of GDP)
BEL,1975,0.0,NY.GDP.PETR.RT.ZS,Oil rents (% of GDP)
BEL,1976,0.0,NY.GDP.PETR.RT.ZS,Oil rents (% of GDP)
BEL,1977,0.0,NY.GDP.PETR.RT.ZS,Oil rents (% of GDP)
BEL,1978,0.0,NY.GDP.PETR.RT.ZS,Oil rents (% of GDP)
BEL,1979,0.0,NY.GDP.PETR.RT.ZS,Oil rents (% of GDP)
BEL,1980,0.0,NY.GDP.PETR.RT.ZS,Oil rents (% of GDP)
BEL,1981,0.0,NY.GDP.PETR.RT.ZS,Oil rents (% of GDP)
BEL,1982,0.0,NY.GDP.PETR.RT.ZS,Oil rents (% of GDP)
BEL,1983,0.0,NY.GDP.PETR.RT.ZS,Oil rents (% of GDP)
BEL,1984,0.0,NY.GDP.PETR.RT.ZS,Oil rents (% of GDP)
BEL,1985,0.0,NY.GDP.PETR.RT.ZS,Oil rents (% of GDP)
BEL,1986,0.0,NY.GDP.PETR.RT.ZS,Oil rents (% of GDP)
BEL,1987,0.0,NY.GDP.PETR.RT.ZS,Oil rents (% of GDP)
BEL,1988,0.0,NY.GDP.PETR.RT.ZS,Oil rents (% of GDP)
BEL,1989,0.0,NY.GDP.PETR.RT.ZS,Oil rents (% of GDP)
BEL,1990,0.0,NY.GDP.PETR.RT.ZS,Oil rents (% of GDP)
BEL,1991,0.0,NY.GDP.PETR.RT.ZS,Oil rents (% of GDP)
BEL,1992,0.0,NY.GDP.PETR.RT.ZS,Oil rents (% of GDP)
BEL,1993,0.0,NY.GDP.PETR.RT.ZS,Oil rents (% of GDP)
BEL,1994,0.0,NY.GDP.PETR.RT.ZS,Oil rents (% of GDP)
BEL,1995,0.0,NY.GDP.PETR.RT.ZS,Oil rents (% of GDP)
BEL,1996,0.0,NY.GDP.PETR.RT.ZS,Oil rents (% of GDP)
BEL,1997,0.0,NY.GDP.PETR.RT.ZS,Oil rents (% of GDP)
BEL,1998,0.0,NY.GDP.PETR.RT.ZS,Oil rents (% of GDP)
BEL,1999,0.0,NY.GDP.PETR.RT.ZS,Oil rents (% of GDP)
BEL,2000,0.0,NY.GDP.PETR.RT.ZS,Oil rents (% of GDP)
BEL,2001,0.0,NY.GDP.PETR.RT.ZS,Oil rents (% of GDP)
BEL,2002,0.0,NY.GDP.PETR.RT.ZS,Oil rents (% of GDP)
BEL,2003,0.0,NY.GDP.PETR.RT.ZS,Oil rents (% of GDP)
BEL,2004,0.0,NY.GDP.PETR.RT.ZS,Oil rents (% of GDP)
BEL,2005,5.74329868610464e-05,NY.GDP.PETR.RT.ZS,Oil rents (% of GDP)
BEL,2006,0.00153504351379629,NY.GDP.PETR.RT.ZS,Oil rents (% of GDP)
BEL,2007,0.0,NY.GDP.PETR.RT.ZS,Oil rents (% of GDP)
BEL,2008,0.0,NY.GDP.PETR.RT.ZS,Oil rents (% of GDP)
BEL,2009,0.0,NY.GDP.PETR.RT.ZS,Oil rents (% of GDP)
BEL,2010,0.0276859283389536,NY.GDP.PETR.RT.ZS,Oil rents (% of GDP)
BEL,2011,0.0465608455427308,NY.GDP.PETR.RT.ZS,Oil rents (% of GDP)
BEL,2012,0.0447323666928789,NY.GDP.PETR.RT.ZS,Oil rents (% of GDP)
BEL,2013,0.0397728832079876,NY.GDP.PETR.RT.ZS,Oil rents (% of GDP)
BEL,2014,0.048118822461714,NY.GDP.PETR.RT.ZS,Oil rents (% of GDP)
BEL,2015,0.0157279649794816,NY.GDP.PETR.RT.ZS,Oil rents (% of GDP)
BEL,2016,0.0115678220486407,NY.GDP.PETR.RT.ZS,Oil rents (% of GDP)
BEL,2017,0.0205164347675808,NY.GDP.PETR.RT.ZS,Oil rents (% of GDP)
BEL,2018,0.029217776231573,NY.GDP.PETR.RT.ZS,Oil rents (% of GDP)
BEL,2019,0.0271254076077426,NY.GDP.PETR.RT.ZS,Oil rents (% of GDP)
BEL,2020,0.0147576977551149,NY.GDP.PETR.RT.ZS,Oil rents (% of GDP)
BEL,2021,0.0312735679835233,NY.GDP.PETR.RT.ZS,Oil rents (% of GDP)
BEL,2022,,NY.GDP.PETR.RT.ZS,Oil rents (% of GDP)
BEL,2023,,NY.GDP.PETR.RT.ZS,Oil rents (% of GDP)
BEL,2024,,NY.GDP.PETR.RT.ZS,Oil rents (% of GDP)
BEL,2025,,NY.GDP.PETR.RT.ZS,Oil rents (% of GDP)
BRA,1960,,NY.GDP.PETR.RT.ZS,Oil rents (% of GDP)
BRA,1961,,NY.GDP.PETR.RT.ZS,Oil rents (% of GDP)
BRA,1962,,NY.GDP.PETR.RT.ZS,Oil rents (% of GDP)
BRA,1963,,NY.GDP.PETR.RT.ZS,Oil rents (% of GDP)
BRA,1964,,NY.GDP.PETR.RT.ZS,Oil rents (% of GDP)
BRA,1965,,NY.GDP.PETR.RT.ZS,Oil rents (% of GDP)
BRA,1966,,NY.GDP.PETR.RT.ZS,Oil rents (% of GDP)
BRA,1967,,NY.GDP.PETR.RT.ZS,Oil rents (% of GDP)
BRA,1968,,NY.GDP.PETR.RT.ZS,Oil rents (% of GDP)
BRA,1969,,NY.GDP.PETR.RT.ZS,Oil rents (% of GDP)
BRA,1970,0.0580871342065977,NY.GDP.PETR.RT.ZS,Oil rents (% of GDP)
BRA,1971,0.0866783727871194,NY.GDP.PETR.RT.ZS,Oil rents (% of GDP)
BRA,1972,0.0829818942691442,NY.GDP.PETR.RT.ZS,Oil rents (% of GDP)
BRA,1973,0.106009897227546,NY.GDP.PETR.RT.ZS,Oil rents (% of GDP)
BRA,1974,0.472519637288271,NY.GDP.PETR.RT.ZS,Oil rents (% of GDP)
BRA,1975,0.373603862526055,NY.GDP.PETR.RT.ZS,Oil rents (% of GDP)
BRA,1976,0.330242444580902,NY.GDP.PETR.RT.ZS,Oil rents (% of GDP)
BRA,1977,0.232335459886067,NY.GDP.PETR.RT.ZS,Oil rents (% of GDP)
BRA,1978,0.224772563826461,NY.GDP.PETR.RT.ZS,Oil rents (% of GDP)
BRA,1979,0.550618644310113,NY.GDP.PETR.RT.ZS,Oil rents (% of GDP)
BRA,1980,0.699999011497544,NY.GDP.PETR.RT.ZS,Oil rents (% of GDP)
BRA,1981,0.629316306688949,NY.GDP.PETR.RT.ZS,Oil rents (% of GDP)
BRA,1982,0.435449134712181,NY.GDP.PETR.RT.ZS,Oil rents (% of GDP)
BRA,1983,1.07979579101903,NY.GDP.PETR.RT.ZS,Oil rents (% of GDP)
BRA,1984,1.49331145061436,NY.GDP.PETR.RT.ZS,Oil rents (% of GDP)
BRA,1985,1.79285373159391,NY.GDP.PETR.RT.ZS,Oil rents (% of GDP)
BRA,1986,0.65804142113814,NY.GDP.PETR.RT.ZS,Oil rents (% of GDP)
BRA,1987,0.957379779624883,NY.GDP.PETR.RT.ZS,Oil rents (% of GDP)
BRA,1988,0.643872438571442,NY.GDP.PETR.RT.ZS,Oil rents (% of GDP)
BRA,1989,0.782840220998812,NY.GDP.PETR.RT.ZS,Oil rents (% of GDP)
BRA,1990,1.03088670277662,NY.GDP.PETR.RT.ZS,Oil rents (% of GDP)
BRA,1991,0.635770130186733,NY.GDP.PETR.RT.ZS,Oil rents (% of GDP)
BRA,1992,0.721680504993654,NY.GDP.PETR.RT.ZS,Oil rents (% of GDP)
BRA,1993,0.627722800383303,NY.GDP.PETR.RT.ZS,Oil rents (% of GDP)
BRA,1994,0.444187728125844,NY.GDP.PETR.RT.ZS,Oil rents (% of GDP)
BRA,1995,0.362004918741715,NY.GDP.PETR.RT.ZS,Oil rents (% of GDP)
BRA,1996,0.471367837068537,NY.GDP.PETR.RT.ZS,Oil rents (% of GDP)
BRA,1997,0.425301553735655,NY.GDP.PETR.RT.ZS,Oil rents (% of GDP)
BRA,1998,0.269584542259557,NY.GDP.PETR.RT.ZS,Oil rents (% of GDP)
BRA,1999,0.755293266193,NY.GDP.PETR.RT.ZS,Oil rents (% of GDP)
BRA,2000,1.41179870802297,NY.GDP.PETR.RT.ZS,Oil rents (% of GDP)
BRA,2001,1.27147695936395,NY.GDP.PETR.RT.ZS,Oil rents (% of GDP)
BRA,2002,1.67933238308169,NY.GDP.PETR.RT.ZS,Oil rents (% of GDP)
BRA,2003,1.73818665052402,NY.GDP.PETR.RT.ZS,Oil rents (% of GDP)
BRA,2004,1.88707133960992,NY.GDP.PETR.RT.ZS,Oil rents (% of GDP)
BRA,2005,2.36913016995635,NY.GDP.PETR.RT.ZS,Oil rents (% of GDP)
BRA,2006,2.44556560201409,NY.GDP.PETR.RT.ZS,Oil rents (% of GDP)
BRA,2007,2.06708286540223,NY.GDP.PETR.RT.ZS,Oil rents (% of GDP)
BRA,2008,2.44243714676148,NY.GDP.PETR.RT.ZS,Oil rents (% of GDP)
BRA,2009,1.33048498208149,NY.GDP.PETR.RT.ZS,Oil rents (% of GDP)
BRA,2010,1.49436765608812,NY.GDP.PETR.RT.ZS,Oil rents (% of GDP)
BRA,2011,2.04628720532789,NY.GDP.PETR.RT.ZS,Oil rents (% of GDP)
BRA,2012,2.04370817642662,NY.GDP.PETR.RT.ZS,Oil rents (% of GDP)
BRA,2013,1.82332429100899,NY.GDP.PETR.RT.ZS,Oil rents (% of GDP)
BRA,2014,1.86374490964098,NY.GDP.PETR.RT.ZS,Oil rents (% of GDP)
BRA,2015,1.03926987894612,NY.GDP.PETR.RT.ZS,Oil rents (% of GDP)
BRA,2016,0.832280473743435,NY.GDP.PETR.RT.ZS,Oil rents (% of GDP)
BRA,2017,1.12836853918598,NY.GDP.PETR.RT.ZS,Oil rents (% of GDP)
BRA,2018,1.90111531664903,NY.GDP.PETR.RT.ZS,Oil rents (% of GDP)
BRA,2019,1.6761311575078,NY.GDP.PETR.RT.ZS,Oil rents (% of GDP)
BRA,2020,1.07872778605369,NY.GDP.PETR.RT.ZS,Oil rents (% of GDP)
BRA,2021,2.60445733698427,NY.GDP.PETR.RT.ZS,Oil rents (% of GDP)
BRA,2022,,NY.GDP.PETR.RT.ZS,Oil rents (% of GDP)
BRA,2023,,NY.GDP.PETR.RT.ZS,Oil rents (% of GDP)
BRA,2024,,NY.GDP.PETR.RT.ZS,Oil rents (% of GDP)
BRA,2025,,NY.GDP.PETR.RT.ZS,Oil rents (% of GDP)
CAN,1960,,NY.GDP.PETR.RT.ZS,Oil rents (% of GDP)
CAN,1961,,NY.GDP.PETR.RT.ZS,Oil rents (% of GDP)
CAN,1962,,NY.GDP.PETR.RT.ZS,Oil rents (% of GDP)
CAN,1963,,NY.GDP.PETR.RT.ZS,Oil rents (% of GDP)
CAN,1964,,NY.GDP.PETR.RT.ZS,Oil rents (% of GDP)
CAN,1965,,NY.GDP.PETR.RT.ZS,Oil rents (% of GDP)
CAN,1966,,NY.GDP.PETR.RT.ZS,Oil rents (% of GDP)
CAN,1967,,NY.GDP.PETR.RT.ZS,Oil rents (% of GDP)
CAN,1968,,NY.GDP.PETR.RT.ZS,Oil rents (% of GDP)
CAN,1969,,NY.GDP.PETR.RT.ZS,Oil rents (% of GDP)
CAN,1970,0.426218710916176,NY.GDP.PETR.RT.ZS,Oil rents (% of GDP)
CAN,1971,0.483633891255014,NY.GDP.PETR.RT.ZS,Oil rents (% of GDP)
CAN,1972,0.590960087858191,NY.GDP.PETR.RT.ZS,Oil rents (% of GDP)
CAN,1973,0.686930362294564,NY.GDP.PETR.RT.ZS,Oil rents (% of GDP)
CAN,1974,2.38832396012474,NY.GDP.PETR.RT.ZS,Oil rents (% of GDP)
CAN,1975,2.22091277208219,NY.GDP.PETR.RT.ZS,Oil rents (% of GDP)
CAN,1976,1.95008492096025,NY.GDP.PETR.RT.ZS,Oil rents (% of GDP)
CAN,1977,2.09690953813731,NY.GDP.PETR.RT.ZS,Oil rents (% of GDP)
CAN,1978,1.98951388040675,NY.GDP.PETR.RT.ZS,Oil rents (% of GDP)
CAN,1979,4.31015132989068,NY.GDP.PETR.RT.ZS,Oil rents (% of GDP)
CAN,1980,5.01982219226639,NY.GDP.PETR.RT.ZS,Oil rents (% of GDP)
CAN,1981,3.28392374750294,NY.GDP.PETR.RT.ZS,Oil rents (% of GDP)
CAN,1982,1.97676703684554,NY.GDP.PETR.RT.ZS,Oil rents (% of GDP)
CAN,1983,2.44822333019716,NY.GDP.PETR.RT.ZS,Oil rents (% of GDP)
CAN,1984,2.2666488894717,NY.GDP.PETR.RT.ZS,Oil rents (% of GDP)
CAN,1985,2.35728323441837,NY.GDP.PETR.RT.ZS,Oil rents (% of GDP)
CAN,1986,0.99798271953185,NY.GDP.PETR.RT.ZS,Oil rents (% of GDP)
CAN,1987,1.43056959785417,NY.GDP.PETR.RT.ZS,Oil rents (% of GDP)
CAN,1988,0.882613319611029,NY.GDP.PETR.RT.ZS,Oil rents (% of GDP)
CAN,1989,1.1043802752248,NY.GDP.PETR.RT.ZS,Oil rents (% of GDP)
CAN,1990,1.48748684267335,NY.GDP.PETR.RT.ZS,Oil rents (% of GDP)
CAN,1991,1.00432007393102,NY.GDP.PETR.RT.ZS,Oil rents (% of GDP)
CAN,1992,1.08494897339021,NY.GDP.PETR.RT.ZS,Oil rents (% of GDP)
CAN,1993,1.00984609631256,NY.GDP.PETR.RT.ZS,Oil rents (% of GDP)
CAN,1994,0.968662410274702,NY.GDP.PETR.RT.ZS,Oil rents (% of GDP)
CAN,1995,1.03435296028991,NY.GDP.PETR.RT.ZS,Oil rents (% of GDP)
CAN,1996,1.29674202820292,NY.GDP.PETR.RT.ZS,Oil rents (% of GDP)
CAN,1997,0.806571445967673,NY.GDP.PETR.RT.ZS,Oil rents (% of GDP)
CAN,1998,0.35126817314169,NY.GDP.PETR.RT.ZS,Oil rents (% of GDP)
CAN,1999,0.764045566591957,NY.GDP.PETR.RT.ZS,Oil rents (% of GDP)
CAN,2000,1.47117947256471,NY.GDP.PETR.RT.ZS,Oil rents (% of GDP)
CAN,2001,0.858857509112782,NY.GDP.PETR.RT.ZS,Oil rents (% of GDP)
CAN,2002,0.955943439201293,NY.GDP.PETR.RT.ZS,Oil rents (% of GDP)
CAN,2003,1.12578576172741,NY.GDP.PETR.RT.ZS,Oil rents (% of GDP)
CAN,2004,1.49755944499054,NY.GDP.PETR.RT.ZS,Oil rents (% of GDP)
CAN,2005,1.78498681477884,NY.GDP.PETR.RT.ZS,Oil rents (% of GDP)
CAN,2006,1.79784487204702,NY.GDP.PETR.RT.ZS,Oil rents (% of GDP)
CAN,2007,1.79572860434846,NY.GDP.PETR.RT.ZS,Oil rents (% of GDP)
CAN,2008,2.54002352343034,NY.GDP.PETR.RT.ZS,Oil rents (% of GDP)
CAN,2009,1.33142171181656,NY.GDP.PETR.RT.ZS,Oil rents (% of GDP)
CAN,2010,1.36035981724265,NY.GDP.PETR.RT.ZS,Oil rents (% of GDP)
CAN,2011,1.65206257737853,NY.GDP.PETR.RT.ZS,Oil rents (% of GDP)
CAN,2012,0.873035162318975,NY.GDP.PETR.RT.ZS,Oil rents (% of GDP)
CAN,2013,1.25009355545576,NY.GDP.PETR.RT.ZS,Oil rents (% of GDP)
CAN,2014,1.16512699520053,NY.GDP.PETR.RT.ZS,Oil rents (% of GDP)
CAN,2015,0.0345891578218769,NY.GDP.PETR.RT.ZS,Oil rents (% of GDP)
CAN,2016,0.471724709301756,NY.GDP.PETR.RT.ZS,Oil rents (% of GDP)
CAN,2017,0.816766635206739,NY.GDP.PETR.RT.ZS,Oil rents (% of GDP)
CAN,2018,1.50562872928079,NY.GDP.PETR.RT.ZS,Oil rents (% of GDP)
CAN,2019,1.6199500962193,NY.GDP.PETR.RT.ZS,Oil rents (% of GDP)
CAN,2020,0.8889084820818,NY.GDP.PETR.RT.ZS,Oil rents (% of GDP)
CAN,2021,2.82978528865474,NY.GDP.PETR.RT.ZS,Oil rents (% of GDP)
CAN,2022,,NY.GDP.PETR.RT.ZS,Oil rents (% of GDP)
CAN,2023,,NY.GDP.PETR.RT.ZS,Oil rents (% of GDP)
CAN,2024,,NY.GDP.PETR.RT.ZS,Oil rents (% of GDP)
CAN,2025,,NY.GDP.PETR.RT.ZS,Oil rents (% of GDP)
CHE,1960,,NY.GDP.PETR.RT.ZS,Oil rents (% of GDP)
CHE,1961,,NY.GDP.PETR.RT.ZS,Oil rents (% of GDP)
CHE,1962,,NY.GDP.PETR.RT.ZS,Oil rents (% of GDP)
CHE,1963,,NY.GDP.PETR.RT.ZS,Oil rents (% of GDP)
CHE,1964,,NY.GDP.PETR.RT.ZS,Oil rents (% of GDP)
CHE,1965,,NY.GDP.PETR.RT.ZS,Oil rents (% of GDP)
CHE,1966,,NY.GDP.PETR.RT.ZS,Oil rents (% of GDP)
CHE,1967,,NY.GDP.PETR.RT.ZS,Oil rents (% of GDP)
CHE,1968,,NY.GDP.PETR.RT.ZS,Oil rents (% of GDP)
CHE,1969,,NY.GDP.PETR.RT.ZS,Oil rents (% of GDP)
CHE,1970,,NY.GDP.PETR.RT.ZS,Oil rents (% of GDP)
CHE,1971,,NY.GDP.PETR.RT.ZS,Oil rents (% of GDP)
CHE,1972,,NY.GDP.PETR.RT.ZS,Oil rents (% of GDP)
CHE,1973,,NY.GDP.PETR.RT.ZS,Oil rents (% of GDP)
CHE,1974,,NY.GDP.PETR.RT.ZS,Oil rents (% of GDP)
CHE,1975,,NY.GDP.PETR.RT.ZS,Oil rents (% of GDP)
CHE,1976,,NY.GDP.PETR.RT.ZS,Oil rents (% of GDP)
CHE,1977,,NY.GDP.PETR.RT.ZS,Oil rents (% of GDP)
CHE,1978,,NY.GDP.PETR.RT.ZS,Oil rents (% of GDP)
CHE,1979,,NY.GDP.PETR.RT.ZS,Oil rents (% of GDP)
CHE,1980,0.0,NY.GDP.PETR.RT.ZS,Oil rents (% of GDP)
CHE,1981,0.0,NY.GDP.PETR.RT.ZS,Oil rents (% of GDP)
CHE,1982,0.0,NY.GDP.PETR.RT.ZS,Oil rents (% of GDP)
CHE,1983,0.0,NY.GDP.PETR.RT.ZS,Oil rents (% of GDP)
CHE,1984,0.0,NY.GDP.PETR.RT.ZS,Oil rents (% of GDP)
CHE,1985,0.0,NY.GDP.PETR.RT.ZS,Oil rents (% of GDP)
CHE,1986,0.0,NY.GDP.PETR.RT.ZS,Oil rents (% of GDP)
CHE,1987,0.0,NY.GDP.PETR.RT.ZS,Oil rents (% of GDP)
CHE,1988,0.0,NY.GDP.PETR.RT.ZS,Oil rents (% of GDP)
CHE,1989,0.0,NY.GDP.PETR.RT.ZS,Oil rents (% of GDP)
CHE,1990,0.0,NY.GDP.PETR.RT.ZS,Oil rents (% of GDP)
CHE,1991,0.0,NY.GDP.PETR.RT.ZS,Oil rents (% of GDP)
CHE,1992,0.0,NY.GDP.PETR.RT.ZS,Oil rents (% of GDP)
CHE,1993,0.0,NY.GDP.PETR.RT.ZS,Oil rents (% of GDP)
CHE,1994,0.0,NY.GDP.PETR.RT.ZS,Oil rents (% of GDP)
CHE,1995,0.0,NY.GDP.PETR.RT.ZS,Oil rents (% of GDP)
CHE,1996,0.0,NY.GDP.PETR.RT.ZS,Oil rents (% of GDP)
CHE,1997,0.0,NY.GDP.PETR.RT.ZS,Oil rents (% of GDP)
CHE,1998,0.0,NY.GDP.PETR.RT.ZS,Oil rents (% of GDP)
CHE,1999,0.0,NY.GDP.PETR.RT.ZS,Oil rents (% of GDP)
CHE,2000,0.0,NY.GDP.PETR.RT.ZS,Oil rents (% of GDP)
CHE,2001,0.0,NY.GDP.PETR.RT.ZS,Oil rents (% of GDP)
CHE,2002,0.0,NY.GDP.PETR.RT.ZS,Oil rents (% of GDP)
CHE,2003,0.0,NY.GDP.PETR.RT.ZS,Oil rents (% of GDP)
CHE,2004,0.000185269236564892,NY.GDP.PETR.RT.ZS,Oil rents (% of GDP)
CHE,2005,0.000317765513572658,NY.GDP.PETR.RT.ZS,Oil rents (% of GDP)
CHE,2006,0.00063711934471555,NY.GDP.PETR.RT.ZS,Oil rents (% of GDP)
CHE,2007,0.000749164452712047,NY.GDP.PETR.RT.ZS,Oil rents (% of GDP)
CHE,2008,0.000960013727719588,NY.GDP.PETR.RT.ZS,Oil rents (% of GDP)
CHE,2009,0.000203202550011871,NY.GDP.PETR.RT.ZS,Oil rents (% of GDP)
CHE,2010,0.000301351052291844,NY.GDP.PETR.RT.ZS,Oil rents (% of GDP)
CHE,2011,0.000356657639592002,NY.GDP.PETR.RT.ZS,Oil rents (% of GDP)
CHE,2012,0.000416318750538044,NY.GDP.PETR.RT.ZS,Oil rents (% of GDP)
CHE,2013,0.000268214621739725,NY.GDP.PETR.RT.ZS,Oil rents (% of GDP)
CHE,2014,0.000243487314364699,NY.GDP.PETR.RT.ZS,Oil rents (% of GDP)
CHE,2015,0.000125064111504765,NY.GDP.PETR.RT.ZS,Oil rents (% of GDP)
CHE,2016,0.000116660133874781,NY.GDP.PETR.RT.ZS,Oil rents (% of GDP)
CHE,2017,0.0001785775350507,NY.GDP.PETR.RT.ZS,Oil rents (% of GDP)
CHE,2018,0.000217357272570462,NY.GDP.PETR.RT.ZS,Oil rents (% of GDP)
CHE,2019,0.000444794821757431,NY.GDP.PETR.RT.ZS,Oil rents (% of GDP)
CHE,2020,0.000231251911067443,NY.GDP.PETR.RT.ZS,Oil rents (% of GDP)
CHE,2021,0.000512290057871237,NY.GDP.PETR.RT.ZS,Oil rents (% of GDP)
CHE,2022,,NY.GDP.PETR.RT.ZS,Oil rents (% of GDP)
CHE,2023,,NY.GDP.PETR.RT.ZS,Oil rents (% of GDP)
CHE,2024,,NY.GDP.PETR.RT.ZS,Oil rents (% of GDP)
CHE,2025,,NY.GDP.PETR.RT.ZS,Oil rents (% of GDP)
CHN,1960,,NY.GDP.PETR.RT.ZS,Oil rents (% of GDP)
CHN,1961,,NY.GDP.PETR.RT.ZS,Oil rents (% of GDP)
CHN,1962,,NY.GDP.PETR.RT.ZS,Oil rents (% of GDP)
CHN,1963,,NY.GDP.PETR.RT.ZS,Oil rents (% of GDP)
CHN,1964,,NY.GDP.PETR.RT.ZS,Oil rents (% of GDP)
CHN,1965,,NY.GDP.PETR.RT.ZS,Oil rents (% of GDP)
CHN,1966,,NY.GDP.PETR.RT.ZS,Oil rents (% of GDP)
CHN,1967,,NY.GDP.PETR.RT.ZS,Oil rents (% of GDP)
CHN,1968,,NY.GDP.PETR.RT.ZS,Oil rents (% of GDP)
CHN,1969,,NY.GDP.PETR.RT.ZS,Oil rents (% of GDP)
CHN,1970,0.0239932527380286,NY.GDP.PETR.RT.ZS,Oil rents (% of GDP)
CHN,1971,0.0326166388114579,NY.GDP.PETR.RT.ZS,Oil rents (% of GDP)
CHN,1972,0.110289049637007,NY.GDP.PETR.RT.ZS,Oil rents (% of GDP)
CHN,1973,0.335981223804028,NY.GDP.PETR.RT.ZS,Oil rents (% of GDP)
CHN,1974,2.77486095153925,NY.GDP.PETR.RT.ZS,Oil rents (% of GDP)
CHN,1975,3.13064076517083,NY.GDP.PETR.RT.ZS,Oil rents (% of GDP)
CHN,1976,4.11075236691182,NY.GDP.PETR.RT.ZS,Oil rents (% of GDP)
CHN,1977,4.32661024057366,NY.GDP.PETR.RT.ZS,Oil rents (% of GDP)
CHN,1978,5.55801172476075,NY.GDP.PETR.RT.ZS,Oil rents (% of GDP)
CHN,1979,11.6010159186869,NY.GDP.PETR.RT.ZS,Oil rents (% of GDP)
CHN,1980,12.2797158609943,NY.GDP.PETR.RT.ZS,Oil rents (% of GDP)
CHN,1981,9.41179174665108,NY.GDP.PETR.RT.ZS,Oil rents (% of GDP)
CHN,1982,6.06435465384148,NY.GDP.PETR.RT.ZS,Oil rents (% of GDP)
CHN,1983,6.54804530796784,NY.GDP.PETR.RT.ZS,Oil rents (% of GDP)
CHN,1984,6.22299902406109,NY.GDP.PETR.RT.ZS,Oil rents (% of GDP)
CHN,1985,5.60486220624911,NY.GDP.PETR.RT.ZS,Oil rents (% of GDP)
CHN,1986,2.8471706463358,NY.GDP.PETR.RT.ZS,Oil rents (% of GDP)
CHN,1987,4.78169369741204,NY.GDP.PETR.RT.ZS,Oil rents (% of GDP)
CHN,1988,3.18960289496402,NY.GDP.PETR.RT.ZS,Oil rents (% of GDP)
CHN,1989,4.15992450908559,NY.GDP.PETR.RT.ZS,Oil rents (% of GDP)
CHN,1990,5.54445902741075,NY.GDP.PETR.RT.ZS,Oil rents (% of GDP)
CHN,1991,3.02704993378969,NY.GDP.PETR.RT.ZS,Oil rents (% of GDP)
CHN,1992,2.96010199129732,NY.GDP.PETR.RT.ZS,Oil rents (% of GDP)
CHN,1993,2.81111820572631,NY.GDP.PETR.RT.ZS,Oil rents (% of GDP)
CHN,1994,1.9160808560853,NY.GDP.PETR.RT.ZS,Oil rents (% of GDP)
CHN,1995,1.62342401977579,NY.GDP.PETR.RT.ZS,Oil rents (% of GDP)
CHN,1996,1.84232152309017,NY.GDP.PETR.RT.ZS,Oil rents (% of GDP)
CHN,1997,1.44303352016986,NY.GDP.PETR.RT.ZS,Oil rents (% of GDP)
CHN,1998,0.634591601254742,NY.GDP.PETR.RT.ZS,Oil rents (% of GDP)
CHN,1999,1.08727720069319,NY.GDP.PETR.RT.ZS,Oil rents (% of GDP)
CHN,2000,2.03905175243341,NY.GDP.PETR.RT.ZS,Oil rents (% of GDP)
CHN,2001,1.32058497741337,NY.GDP.PETR.RT.ZS,Oil rents (% of GDP)
CHN,2002,1.24409369454799,NY.GDP.PETR.RT.ZS,Oil rents (% of GDP)
CHN,2003,1.28559248986066,NY.GDP.PETR.RT.ZS,Oil rents (% of GDP)
CHN,2004,1.63506369666261,NY.GDP.PETR.RT.ZS,Oil rents (% of GDP)
CHN,2005,2.23061473485701,NY.GDP.PETR.RT.ZS,Oil rents (% of GDP)
CHN,2006,2.2255244607283,NY.GDP.PETR.RT.ZS,Oil rents (% of GDP)
CHN,2007,1.75983053566581,NY.GDP.PETR.RT.ZS,Oil rents (% of GDP)
CHN,2008,1.9902860340032,NY.GDP.PETR.RT.ZS,Oil rents (% of GDP)
CHN,2009,0.899050539990343,NY.GDP.PETR.RT.ZS,Oil rents (% of GDP)
CHN,2010,1.22257362123247,NY.GDP.PETR.RT.ZS,Oil rents (% of GDP)
CHN,2011,1.54520918045373,NY.GDP.PETR.RT.ZS,Oil rents (% of GDP)
CHN,2012,1.28348679227813,NY.GDP.PETR.RT.ZS,Oil rents (% of GDP)
CHN,2013,1.07614082250695,NY.GDP.PETR.RT.ZS,Oil rents (% of GDP)
CHN,2014,0.888100390466572,NY.GDP.PETR.RT.ZS,Oil rents (% of GDP)
CHN,2015,0.335243616051991,NY.GDP.PETR.RT.ZS,Oil rents (% of GDP)
CHN,2016,0.245866848453772,NY.GDP.PETR.RT.ZS,Oil rents (% of GDP)
CHN,2017,0.313804041024999,NY.GDP.PETR.RT.ZS,Oil rents (% of GDP)
CHN,2018,0.413038667779282,NY.GDP.PETR.RT.ZS,Oil rents (% of GDP)
CHN,2019,0.298457754882779,NY.GDP.PETR.RT.ZS,Oil rents (% of GDP)
CHN,2020,0.114304451775114,NY.GDP.PETR.RT.ZS,Oil rents (% of GDP)
CHN,2021,0.308578757061099,NY.GDP.PETR.RT.ZS,Oil rents (% of GDP)
CHN,2022,,NY.GDP.PETR.RT.ZS,Oil rents (% of GDP)
CHN,2023,,NY.GDP.PETR.RT.ZS,Oil rents (% of GDP)
CHN,2024,,NY.GDP.PETR.RT.ZS,Oil rents (% of GDP)
CHN,2025,,NY.GDP.PETR.RT.ZS,Oil rents (% of GDP)
DEU,1960,,NY.GDP.PETR.RT.ZS,Oil rents (% of GDP)
DEU,1961,,NY.GDP.PETR.RT.ZS,Oil rents (% of GDP)
DEU,1962,,NY.GDP.PETR.RT.ZS,Oil rents (% of GDP)
DEU,1963,,NY.GDP.PETR.RT.ZS,Oil rents (% of GDP)
DEU,1964,,NY.GDP.PETR.RT.ZS,Oil rents (% of GDP)
DEU,1965,,NY.GDP.PETR.RT.ZS,Oil rents (% of GDP)
DEU,1966,,NY.GDP.PETR.RT.ZS,Oil rents (% of GDP)
DEU,1967,,NY.GDP.PETR.RT.ZS,Oil rents (% of GDP)
DEU,1968,,NY.GDP.PETR.RT.ZS,Oil rents (% of GDP)
DEU,1969,,NY.GDP.PETR.RT.ZS,Oil rents (% of GDP)
DEU,1970,0.003119345734465,NY.GDP.PETR.RT.ZS,Oil rents (% of GDP)
DEU,1971,0.00827984563331017,NY.GDP.PETR.RT.ZS,Oil rents (% of GDP)
DEU,1972,0.00987085147451372,NY.GDP.PETR.RT.ZS,Oil rents (% of GDP)
DEU,1973,0.0125932623508712,NY.GDP.PETR.RT.ZS,Oil rents (% of GDP)
DEU,1974,0.0636311442347421,NY.GDP.PETR.RT.ZS,Oil rents (% of GDP)
DEU,1975,0.049587458458777,NY.GDP.PETR.RT.ZS,Oil rents (% of GDP)
DEU,1976,0.0488229037244032,NY.GDP.PETR.RT.ZS,Oil rents (% of GDP)
DEU,1977,0.043999724735129,NY.GDP.PETR.RT.ZS,Oil rents (% of GDP)
DEU,1978,0.0339752739440099,NY.GDP.PETR.RT.ZS,Oil rents (% of GDP)
DEU,1979,0.0654284851480787,NY.GDP.PETR.RT.ZS,Oil rents (% of GDP)
DEU,1980,0.0742475623624776,NY.GDP.PETR.RT.ZS,Oil rents (% of GDP)
DEU,1981,0.0682735897626839,NY.GDP.PETR.RT.ZS,Oil rents (% of GDP)
DEU,1982,0.0422334668266535,NY.GDP.PETR.RT.ZS,Oil rents (% of GDP)
DEU,1983,0.05339348179652,NY.GDP.PETR.RT.ZS,Oil rents (% of GDP)
DEU,1984,0.057063416709362,NY.GDP.PETR.RT.ZS,Oil rents (% of GDP)
DEU,1985,0.0587343665748451,NY.GDP.PETR.RT.ZS,Oil rents (% of GDP)
DEU,1986,0.0159854011950339,NY.GDP.PETR.RT.ZS,Oil rents (% of GDP)
DEU,1987,0.0191694523183211,NY.GDP.PETR.RT.ZS,Oil rents (% of GDP)
DEU,1988,0.0143130278652513,NY.GDP.PETR.RT.ZS,Oil rents (% of GDP)
DEU,1989,0.0221132214990713,NY.GDP.PETR.RT.ZS,Oil rents (% of GDP)
DEU,1990,0.022824397451738,NY.GDP.PETR.RT.ZS,Oil rents (% of GDP)
DEU,1991,0.00981743806321872,NY.GDP.PETR.RT.ZS,Oil rents (% of GDP)
DEU,1992,0.00896910677422249,NY.GDP.PETR.RT.ZS,Oil rents (% of GDP)
DEU,1993,0.00831356998485869,NY.GDP.PETR.RT.ZS,Oil rents (% of GDP)
DEU,1994,0.00668466618014011,NY.GDP.PETR.RT.ZS,Oil rents (% of GDP)
DEU,1995,0.00633933907972327,NY.GDP.PETR.RT.ZS,Oil rents (% of GDP)
DEU,1996,0.0090419036366161,NY.GDP.PETR.RT.ZS,Oil rents (% of GDP)
DEU,1997,0.00778008068542512,NY.GDP.PETR.RT.ZS,Oil rents (% of GDP)
DEU,1998,0.00249770506951134,NY.GDP.PETR.RT.ZS,Oil rents (% of GDP)
DEU,1999,0.00713206799652999,NY.GDP.PETR.RT.ZS,Oil rents (% of GDP)
DEU,2000,0.0201562303638046,NY.GDP.PETR.RT.ZS,Oil rents (% of GDP)
DEU,2001,0.0153289209077331,NY.GDP.PETR.RT.ZS,Oil rents (% of GDP)
DEU,2002,0.016056222546191,NY.GDP.PETR.RT.ZS,Oil rents (% of GDP)
DEU,2003,0.0165037382126426,NY.GDP.PETR.RT.ZS,Oil rents (% of GDP)
DEU,2004,0.0185417711460884,NY.GDP.PETR.RT.ZS,Oil rents (% of GDP)
DEU,2005,0.027268431145628,NY.GDP.PETR.RT.ZS,Oil rents (% of GDP)
DEU,2006,0.0291731982459974,NY.GDP.PETR.RT.ZS,Oil rents (% of GDP)
DEU,2007,0.028013355499561,NY.GDP.PETR.RT.ZS,Oil rents (% of GDP)
DEU,2008,0.034054769495246,NY.GDP.PETR.RT.ZS,Oil rents (% of GDP)
DEU,2009,0.0184514937131976,NY.GDP.PETR.RT.ZS,Oil rents (% of GDP)
DEU,2010,0.0190328024560215,NY.GDP.PETR.RT.ZS,Oil rents (% of GDP)
DEU,2011,0.0301021983000363,NY.GDP.PETR.RT.ZS,Oil rents (% of GDP)
DEU,2012,0.030322053441343,NY.GDP.PETR.RT.ZS,Oil rents (% of GDP)
DEU,2013,0.0270022581641135,NY.GDP.PETR.RT.ZS,Oil rents (% of GDP)
DEU,2014,0.0223645319543507,NY.GDP.PETR.RT.ZS,Oil rents (% of GDP)
DEU,2015,0.0109585492863493,NY.GDP.PETR.RT.ZS,Oil rents (% of GDP)
DEU,2016,0.00795427640685235,NY.GDP.PETR.RT.ZS,Oil rents (% of GDP)
DEU,2017,0.0108326903342219,NY.GDP.PETR.RT.ZS,Oil rents (% of GDP)
DEU,2018,0.0150774778092678,NY.GDP.PETR.RT.ZS,Oil rents (% of GDP)
DEU,2019,0.0127922924108005,NY.GDP.PETR.RT.ZS,Oil rents (% of GDP)
DEU,2020,0.00673003142464202,NY.GDP.PETR.RT.ZS,Oil rents (% of GDP)
DEU,2021,0.0140349033815617,NY.GDP.PETR.RT.ZS,Oil rents (% of GDP)
DEU,2022,,NY.GDP.PETR.RT.ZS,Oil rents (% of GDP)
DEU,2023,,NY.GDP.PETR.RT.ZS,Oil rents (% of GDP)
DEU,2024,,NY.GDP.PETR.RT.ZS,Oil rents (% of GDP)
DEU,2025,,NY.GDP.PETR.RT.ZS,Oil rents (% of GDP)
ESP,1960,,NY.GDP.PETR.RT.ZS,Oil rents (% of GDP)
ESP,1961,,NY.GDP.PETR.RT.ZS,Oil rents (% of GDP)
ESP,1962,,NY.GDP.PETR.RT.ZS,Oil rents (% of GDP)
ESP,1963,,NY.GDP.PETR.RT.ZS,Oil rents (% of GDP)
ESP,1964,,NY.GDP.PETR.RT.ZS,Oil rents (% of GDP)
ESP,1965,,NY.GDP.PETR.RT.ZS,Oil rents (% of GDP)
ESP,1966,,NY.GDP.PETR.RT.ZS,Oil rents (% of GDP)
ESP,1967,,NY.GDP.PETR.RT.ZS,Oil rents (% of GDP)
ESP,1968,,NY.GDP.PETR.RT.ZS,Oil rents (% of GDP)
ESP,1969,,NY.GDP.PETR.RT.ZS,Oil rents (% of GDP)
ESP,1970,0.000309180389037009,NY.GDP.PETR.RT.ZS,Oil rents (% of GDP)
ESP,1971,0.000751735273751428,NY.GDP.PETR.RT.ZS,Oil rents (% of GDP)
ESP,1972,0.000972580042315746,NY.GDP.PETR.RT.ZS,Oil rents (% of GDP)
ESP,1973,0.0073758389436776,NY.GDP.PETR.RT.ZS,Oil rents (% of GDP)
ESP,1974,0.0934819346316966,NY.GDP.PETR.RT.ZS,Oil rents (% of GDP)
ESP,1975,0.0751290617417776,NY.GDP.PETR.RT.ZS,Oil rents (% of GDP)
ESP,1976,0.0693319729400274,NY.GDP.PETR.RT.ZS,Oil rents (% of GDP)
ESP,1977,0.0364086084503603,NY.GDP.PETR.RT.ZS,Oil rents (% of GDP)
ESP,1978,0.0304238690484626,NY.GDP.PETR.RT.ZS,Oil rents (% of GDP)
ESP,1979,0.0659562151230207,NY.GDP.PETR.RT.ZS,Oil rents (% of GDP)
ESP,1980,0.105539264504287,NY.GDP.PETR.RT.ZS,Oil rents (% of GDP)
ESP,1981,0.0747455064052639,NY.GDP.PETR.RT.ZS,Oil rents (% of GDP)
ESP,1982,0.0606352635901885,NY.GDP.PETR.RT.ZS,Oil rents (% of GDP)
ESP,1983,0.17561908092457,NY.GDP.PETR.RT.ZS,Oil rents (% of GDP)
ESP,1984,0.135159181160029,NY.GDP.PETR.RT.ZS,Oil rents (% of GDP)
ESP,1985,0.123024307047344,NY.GDP.PETR.RT.ZS,Oil rents (% of GDP)
ESP,1986,0.0300095188793966,NY.GDP.PETR.RT.ZS,Oil rents (% of GDP)
ESP,1987,0.0345726795191224,NY.GDP.PETR.RT.ZS,Oil rents (% of GDP)
ESP,1988,0.0202193083988981,NY.GDP.PETR.RT.ZS,Oil rents (% of GDP)
ESP,1989,0.0205019528481669,NY.GDP.PETR.RT.ZS,Oil rents (% of GDP)
ESP,1990,0.0167206636998013,NY.GDP.PETR.RT.ZS,Oil rents (% of GDP)
ESP,1991,0.0101230266230823,NY.GDP.PETR.RT.ZS,Oil rents (% of GDP)
ESP,1992,0.010093392985894,NY.GDP.PETR.RT.ZS,Oil rents (% of GDP)
ESP,1993,0.00951360739945483,NY.GDP.PETR.RT.ZS,Oil rents (% of GDP)
ESP,1994,0.00775275971516993,NY.GDP.PETR.RT.ZS,Oil rents (% of GDP)
ESP,1995,0.00602862336515047,NY.GDP.PETR.RT.ZS,Oil rents (% of GDP)
ESP,1996,0.00635738039084368,NY.GDP.PETR.RT.ZS,Oil rents (% of GDP)
ESP,1997,0.00398432240534943,NY.GDP.PETR.RT.ZS,Oil rents (% of GDP)
ESP,1998,0.00166037225965447,NY.GDP.PETR.RT.ZS,Oil rents (% of GDP)
ESP,1999,0.00273743900423912,NY.GDP.PETR.RT.ZS,Oil rents (% of GDP)
ESP,2000,0.00483506048624317,NY.GDP.PETR.RT.ZS,Oil rents (% of GDP)
ESP,2001,0.00613482338950114,NY.GDP.PETR.RT.ZS,Oil rents (% of GDP)
ESP,2002,0.00442561378158089,NY.GDP.PETR.RT.ZS,Oil rents (% of GDP)
ESP,2003,0.0040117888311546,NY.GDP.PETR.RT.ZS,Oil rents (% of GDP)
ESP,2004,0.00366544467175599,NY.GDP.PETR.RT.ZS,Oil rents (% of GDP)
ESP,2005,0.00327446558405552,NY.GDP.PETR.RT.ZS,Oil rents (% of GDP)
ESP,2006,0.00291549084293319,NY.GDP.PETR.RT.ZS,Oil rents (% of GDP)
ESP,2007,0.00284664503508467,NY.GDP.PETR.RT.ZS,Oil rents (% of GDP)
ESP,2008,0.00337447126882851,NY.GDP.PETR.RT.ZS,Oil rents (% of GDP)
ESP,2009,0.00165951114306765,NY.GDP.PETR.RT.ZS,Oil rents (% of GDP)
ESP,2010,0.00221763143856513,NY.GDP.PETR.RT.ZS,Oil rents (% of GDP)
ESP,2011,0.00288179859277689,NY.GDP.PETR.RT.ZS,Oil rents (% of GDP)
ESP,2012,0.00442660598571279,NY.GDP.PETR.RT.ZS,Oil rents (% of GDP)
ESP,2013,0.010347316151723,NY.GDP.PETR.RT.ZS,Oil rents (% of GDP)
ESP,2014,0.00790863464865165,NY.GDP.PETR.RT.ZS,Oil rents (% of GDP)
ESP,2015,0.00293077580087329,NY.GDP.PETR.RT.ZS,Oil rents (% of GDP)
ESP,2016,0.00132927314332369,NY.GDP.PETR.RT.ZS,Oil rents (% of GDP)
ESP,2017,0.00163989363655383,NY.GDP.PETR.RT.ZS,Oil rents (% of GDP)
ESP,2018,0.00176491249464509,NY.GDP.PETR.RT.ZS,Oil rents (% of GDP)
ESP,2019,0.000744000510159429,NY.GDP.PETR.RT.ZS,Oil rents (% of GDP)
ESP,2020,0.000295734987987405,NY.GDP.PETR.RT.ZS,Oil rents (% of GDP)
ESP,2021,0.000151493558291056,NY.GDP.PETR.RT.ZS,Oil rents (% of GDP)
ESP,2022,,NY.GDP.PETR.RT.ZS,Oil rents (% of GDP)
ESP,2023,,NY.GDP.PETR.RT.ZS,Oil rents (% of GDP)
ESP,2024,,NY.GDP.PETR.RT.ZS,Oil rents (% of GDP)
ESP,2025,,NY.GDP.PETR.RT.ZS,Oil rents (% of GDP)
FRA,1960,,NY.GDP.PETR.RT.ZS,Oil rents (% of GDP)
FRA,1961,,NY.GDP.PETR.RT.ZS,Oil rents (% of GDP)
FRA,1962,,NY.GDP.PETR.RT.ZS,Oil rents (% of GDP)
FRA,1963,,NY.GDP.PETR.RT.ZS,Oil rents (% of GDP)
FRA,1964,,NY.GDP.PETR.RT.ZS,Oil rents (% of GDP)
FRA,1965,,NY.GDP.PETR.RT.ZS,Oil rents (% of GDP)
FRA,1966,,NY.GDP.PETR.RT.ZS,Oil rents (% of GDP)
FRA,1967,,NY.GDP.PETR.RT.ZS,Oil rents (% of GDP)
FRA,1968,,NY.GDP.PETR.RT.ZS,Oil rents (% of GDP)
FRA,1969,,NY.GDP.PETR.RT.ZS,Oil rents (% of GDP)
FRA,1970,0.00124452612770399,NY.GDP.PETR.RT.ZS,Oil rents (% of GDP)
FRA,1971,0.0030800470267067,NY.GDP.PETR.RT.ZS,Oil rents (% of GDP)
FRA,1972,0.00302996080912415,NY.GDP.PETR.RT.ZS,Oil rents (% of GDP)
FRA,1973,0.00389684506899294,NY.GDP.PETR.RT.ZS,Oil rents (% of GDP)
FRA,1974,0.0220510106841115,NY.GDP.PETR.RT.ZS,Oil rents (% of GDP)
FRA,1975,0.0150499049491404,NY.GDP.PETR.RT.ZS,Oil rents (% of GDP)
FRA,1976,0.0149040522622061,NY.GDP.PETR.RT.ZS,Oil rents (% of GDP)
FRA,1977,0.0139991002675884,NY.GDP.PETR.RT.ZS,Oil rents (% of GDP)
FRA,1978,0.0115039459046364,NY.GDP.PETR.RT.ZS,Oil rents (% of GDP)
FRA,1979,0.0244140794065056,NY.GDP.PETR.RT.ZS,Oil rents (% of GDP)
FRA,1980,0.0318838289177756,NY.GDP.PETR.RT.ZS,Oil rents (% of GDP)
FRA,1981,0.0343612475061328,NY.GDP.PETR.RT.ZS,Oil rents (% of GDP)
FRA,1982,0.0220183215603602,NY.GDP.PETR.RT.ZS,Oil rents (% of GDP)
FRA,1983,0.0308360670902061,NY.GDP.PETR.RT.ZS,Oil rents (% of GDP)
FRA,1984,0.040406531375115,NY.GDP.PETR.RT.ZS,Oil rents (% of GDP)
FRA,1985,0.0503734120435526,NY.GDP.PETR.RT.ZS,Oil rents (% of GDP)
FRA,1986,0.0158828404535354,NY.GDP.PETR.RT.ZS,Oil rents (% of GDP)
FRA,1987,0.0230614202248691,NY.GDP.PETR.RT.ZS,Oil rents (% of GDP)
FRA,1988,0.0167364755200005,NY.GDP.PETR.RT.ZS,Oil rents (% of GDP)
FRA,1989,0.0257003351850313,NY.GDP.PETR.RT.ZS,Oil rents (% of GDP)
FRA,1990,0.0266357974593468,NY.GDP.PETR.RT.ZS,Oil rents (% of GDP)
FRA,1991,0.012641000783178,NY.GDP.PETR.RT.ZS,Oil rents (% of GDP)
FRA,1992,0.012057977543871,NY.GDP.PETR.RT.ZS,Oil rents (% of GDP)
FRA,1993,0.0118039460062411,NY.GDP.PETR.RT.ZS,Oil rents (% of GDP)
FRA,1994,0.0102733020572934,NY.GDP.PETR.RT.ZS,Oil rents (% of GDP)
FRA,1995,0.00879839432196906,NY.GDP.PETR.RT.ZS,Oil rents (% of GDP)
FRA,1996,0.0105605201828983,NY.GDP.PETR.RT.ZS,Oil rents (% of GDP)
FRA,1997,0.00775305185736033,NY.GDP.PETR.RT.ZS,Oil rents (% of GDP)
FRA,1998,0.00220735244217791,NY.GDP.PETR.RT.ZS,Oil rents (% of GDP)
FRA,1999,0.00601009551324445,NY.GDP.PETR.RT.ZS,Oil rents (% of GDP)
FRA,2000,0.0128162153938784,NY.GDP.PETR.RT.ZS,Oil rents (% of GDP)
FRA,2001,0.00936012963415914,NY.GDP.PETR.RT.ZS,Oil rents (% of GDP)
FRA,2002,0.00830876294635966,NY.GDP.PETR.RT.ZS,Oil rents (% of GDP)
FRA,2003,0.00737910136174695,NY.GDP.PETR.RT.ZS,Oil rents (% of GDP)
FRA,2004,0.00810398257408497,NY.GDP.PETR.RT.ZS,Oil rents (% of GDP)
FRA,2005,0.0111412257646513,NY.GDP.PETR.RT.ZS,Oil rents (% of GDP)
FRA,2006,0.011867928639494,NY.GDP.PETR.RT.ZS,Oil rents (% of GDP)
FRA,2007,0.0105907897754201,NY.GDP.PETR.RT.ZS,Oil rents (% of GDP)
FRA,2008,0.014247070185208,NY.GDP.PETR.RT.ZS,Oil rents (% of GDP)
FRA,2009,0.00767614972487918,NY.GDP.PETR.RT.ZS,Oil rents (% of GDP)
FRA,2010,0.00891753895773517,NY.GDP.PETR.RT.ZS,Oil rents (% of GDP)
FRA,2011,0.0108192692036986,NY.GDP.PETR.RT.ZS,Oil rents (% of GDP)
FRA,2012,0.0126937537821637,NY.GDP.PETR.RT.ZS,Oil rents (% of GDP)
FRA,2013,0.0109314252317,NY.GDP.PETR.RT.ZS,Oil rents (% of GDP)
FRA,2014,0.0094716180532004,NY.GDP.PETR.RT.ZS,Oil rents (% of GDP)
FRA,2015,0.00512462065631857,NY.GDP.PETR.RT.ZS,Oil rents (% of GDP)
FRA,2016,0.00385165418531265,NY.GDP.PETR.RT.ZS,Oil rents (% of GDP)
FRA,2017,0.00518662364090017,NY.GDP.PETR.RT.ZS,Oil rents (% of GDP)
FRA,2018,0.00839113039243978,NY.GDP.PETR.RT.ZS,Oil rents (% of GDP)
FRA,2019,0.00678260032752886,NY.GDP.PETR.RT.ZS,Oil rents (% of GDP)
FRA,2020,0.00329710789889294,NY.GDP.PETR.RT.ZS,Oil rents (% of GDP)
FRA,2021,0.0071021867060762,NY.GDP.PETR.RT.ZS,Oil rents (% of GDP)
FRA,2022,,NY.GDP.PETR.RT.ZS,Oil rents (% of GDP)
FRA,2023,,NY.GDP.PETR.RT.ZS,Oil rents (% of GDP)
FRA,2024,,NY.GDP.PETR.RT.ZS,Oil rents (% of GDP)
FRA,2025,,NY.GDP.PETR.RT.ZS,Oil rents (% of GDP)
GBR,1960,,NY.GDP.PETR.RT.ZS,Oil rents (% of GDP)
GBR,1961,,NY.GDP.PETR.RT.ZS,Oil rents (% of GDP)
GBR,1962,,NY.GDP.PETR.RT.ZS,Oil rents (% of GDP)
GBR,1963,,NY.GDP.PETR.RT.ZS,Oil rents (% of GDP)
GBR,1964,,NY.GDP.PETR.RT.ZS,Oil rents (% of GDP)
GBR,1965,,NY.GDP.PETR.RT.ZS,Oil rents (% of GDP)
GBR,1966,,NY.GDP.PETR.RT.ZS,Oil rents (% of GDP)
GBR,1967,,NY.GDP.PETR.RT.ZS,Oil rents (% of GDP)
GBR,1968,,NY.GDP.PETR.RT.ZS,Oil rents (% of GDP)
GBR,1969,,NY.GDP.PETR.RT.ZS,Oil rents (% of GDP)
GBR,1970,0.000143773106830159,NY.GDP.PETR.RT.ZS,Oil rents (% of GDP)
GBR,1971,0.000624815047715794,NY.GDP.PETR.RT.ZS,Oil rents (% of GDP)
GBR,1972,0.00112893907543571,NY.GDP.PETR.RT.ZS,Oil rents (% of GDP)
GBR,1973,0.0023045764320239,NY.GDP.PETR.RT.ZS,Oil rents (% of GDP)
GBR,1974,0.0160053749980929,NY.GDP.PETR.RT.ZS,Oil rents (% of GDP)
GBR,1975,0.0346153950962825,NY.GDP.PETR.RT.ZS,Oil rents (% of GDP)
GBR,1976,0.249608706879883,NY.GDP.PETR.RT.ZS,Oil rents (% of GDP)
GBR,1977,0.717546315473168,NY.GDP.PETR.RT.ZS,Oil rents (% of GDP)
GBR,1978,0.796215439609656,NY.GDP.PETR.RT.ZS,Oil rents (% of GDP)
GBR,1979,2.15345223381521,NY.GDP.PETR.RT.ZS,Oil rents (% of GDP)
GBR,1980,2.17468541279508,NY.GDP.PETR.RT.ZS,Oil rents (% of GDP)
GBR,1981,2.0290955871406,NY.GDP.PETR.RT.ZS,Oil rents (% of GDP)
GBR,1982,1.53130333265233,NY.GDP.PETR.RT.ZS,Oil rents (% of GDP)
GBR,1983,2.28080029508101,NY.GDP.PETR.RT.ZS,Oil rents (% of GDP)
GBR,1984,2.75907824081709,NY.GDP.PETR.RT.ZS,Oil rents (% of GDP)
GBR,1985,2.67495492006078,NY.GDP.PETR.RT.ZS,Oil rents (% of GDP)
GBR,1986,0.848914064850015,NY.GDP.PETR.RT.ZS,Oil rents (% of GDP)
GBR,1987,1.08201365866639,NY.GDP.PETR.RT.ZS,Oil rents (% of GDP)
GBR,1988,0.627378568970168,NY.GDP.PETR.RT.ZS,Oil rents (% of GDP)
GBR,1989,0.753916116682002,NY.GDP.PETR.RT.ZS,Oil rents (% of GDP)
GBR,1990,0.882565641379211,NY.GDP.PETR.RT.ZS,Oil rents (% of GDP)
GBR,1991,0.412174585640108,NY.GDP.PETR.RT.ZS,Oil rents (% of GDP)
GBR,1992,0.45037018743077,NY.GDP.PETR.RT.ZS,Oil rents (% of GDP)
GBR,1993,0.507917987549076,NY.GDP.PETR.RT.ZS,Oil rents (% of GDP)
GBR,1994,0.520900545480459,NY.GDP.PETR.RT.ZS,Oil rents (% of GDP)
GBR,1995,0.510075233528374,NY.GDP.PETR.RT.ZS,Oil rents (% of GDP)
GBR,1996,0.692863039051656,NY.GDP.PETR.RT.ZS,Oil rents (% of GDP)
GBR,1997,0.48646780134821,NY.GDP.PETR.RT.ZS,Oil rents (% of GDP)
GBR,1998,0.145754867132571,NY.GDP.PETR.RT.ZS,Oil rents (% of GDP)
GBR,1999,0.442618243757321,NY.GDP.PETR.RT.ZS,Oil rents (% of GDP)
GBR,2000,0.899607457881131,NY.GDP.PETR.RT.ZS,Oil rents (% of GDP)
GBR,2001,0.623069756321262,NY.GDP.PETR.RT.ZS,Oil rents (% of GDP)
GBR,2002,0.59707481885464,NY.GDP.PETR.RT.ZS,Oil rents (% of GDP)
GBR,2003,0.559752287291694,NY.GDP.PETR.RT.ZS,Oil rents (% of GDP)
GBR,2004,0.575171956513235,NY.GDP.PETR.RT.ZS,Oil rents (% of GDP)
GBR,2005,0.720225579643724,NY.GDP.PETR.RT.ZS,Oil rents (% of GDP)
GBR,2006,0.708171759768897,NY.GDP.PETR.RT.ZS,Oil rents (% of GDP)
GBR,2007,0.6818533676487,NY.GDP.PETR.RT.ZS,Oil rents (% of GDP)
GBR,2008,0.996222101169364,NY.GDP.PETR.RT.ZS,Oil rents (% of GDP)
GBR,2009,0.61738163928542,NY.GDP.PETR.RT.ZS,Oil rents (% of GDP)
GBR,2010,0.639286356112083,NY.GDP.PETR.RT.ZS,Oil rents (% of GDP)
GBR,2011,0.82160437614263,NY.GDP.PETR.RT.ZS,Oil rents (% of GDP)
GBR,2012,0.656341548365418,NY.GDP.PETR.RT.ZS,Oil rents (% of GDP)
GBR,2013,0.535996112164923,NY.GDP.PETR.RT.ZS,Oil rents (% of GDP)
GBR,2014,0.450978748469466,NY.GDP.PETR.RT.ZS,Oil rents (% of GDP)
GBR,2015,0.240246459981823,NY.GDP.PETR.RT.ZS,Oil rents (% of GDP)
GBR,2016,0.205683569636128,NY.GDP.PETR.RT.ZS,Oil rents (% of GDP)
GBR,2017,0.306336104823879,NY.GDP.PETR.RT.ZS,Oil rents (% of GDP)
GBR,2018,0.495559267583983,NY.GDP.PETR.RT.ZS,Oil rents (% of GDP)
GBR,2019,0.457125858504922,NY.GDP.PETR.RT.ZS,Oil rents (% of GDP)
GBR,2020,0.240228124941138,NY.GDP.PETR.RT.ZS,Oil rents (% of GDP)
GBR,2021,0.416142083269318,NY.GDP.PETR.RT.ZS,Oil rents (% of GDP)
GBR,2022,,NY.GDP.PETR.RT.ZS,Oil rents (% of GDP)
GBR,2023,,NY.GDP.PETR.RT.ZS,Oil rents (% of GDP)
GBR,2024,,NY.GDP.PETR.RT.ZS,Oil rents (% of GDP)
GBR,2025,,NY.GDP.PETR.RT.ZS,Oil rents (% of GDP)
HKG,1960,,NY.GDP.PETR.RT.ZS,Oil rents (% of GDP)
HKG,1961,,NY.GDP.PETR.RT.ZS,Oil rents (% of GDP)
HKG,1962,,NY.GDP.PETR.RT.ZS,Oil rents (% of GDP)
HKG,1963,,NY.GDP.PETR.RT.ZS,Oil rents (% of GDP)
HKG,1964,,NY.GDP.PETR.RT.ZS,Oil rents (% of GDP)
HKG,1965,,NY.GDP.PETR.RT.ZS,Oil rents (% of GDP)
HKG,1966,,NY.GDP.PETR.RT.ZS,Oil rents (% of GDP)
HKG,1967,,NY.GDP.PETR.RT.ZS,Oil rents (% of GDP)
HKG,1968,,NY.GDP.PETR.RT.ZS,Oil rents (% of GDP)
HKG,1969,,NY.GDP.PETR.RT.ZS,Oil rents (% of GDP)
HKG,1970,,NY.GDP.PETR.RT.ZS,Oil rents (% of GDP)
HKG,1971,0.0,NY.GDP.PETR.RT.ZS,Oil rents (% of GDP)
HKG,1972,0.0,NY.GDP.PETR.RT.ZS,Oil rents (% of GDP)
HKG,1973,0.0,NY.GDP.PETR.RT.ZS,Oil rents (% of GDP)
HKG,1974,0.0,NY.GDP.PETR.RT.ZS,Oil rents (% of GDP)
HKG,1975,0.0,NY.GDP.PETR.RT.ZS,Oil rents (% of GDP)
HKG,1976,0.0,NY.GDP.PETR.RT.ZS,Oil rents (% of GDP)
HKG,1977,0.0,NY.GDP.PETR.RT.ZS,Oil rents (% of GDP)
HKG,1978,0.0,NY.GDP.PETR.RT.ZS,Oil rents (% of GDP)
HKG,1979,0.0,NY.GDP.PETR.RT.ZS,Oil rents (% of GDP)
HKG,1980,0.0,NY.GDP.PETR.RT.ZS,Oil rents (% of GDP)
HKG,1981,0.0,NY.GDP.PETR.RT.ZS,Oil rents (% of GDP)
HKG,1982,0.0,NY.GDP.PETR.RT.ZS,Oil rents (% of GDP)
HKG,1983,0.0,NY.GDP.PETR.RT.ZS,Oil rents (% of GDP)
HKG,1984,0.0,NY.GDP.PETR.RT.ZS,Oil rents (% of GDP)
HKG,1985,0.0,NY.GDP.PETR.RT.ZS,Oil rents (% of GDP)
HKG,1986,0.0,NY.GDP.PETR.RT.ZS,Oil rents (% of GDP)
HKG,1987,0.0,NY.GDP.PETR.RT.ZS,Oil rents (% of GDP)
HKG,1988,0.0,NY.GDP.PETR.RT.ZS,Oil rents (% of GDP)
HKG,1989,0.0,NY.GDP.PETR.RT.ZS,Oil rents (% of GDP)
HKG,1990,0.0,NY.GDP.PETR.RT.ZS,Oil rents (% of GDP)
HKG,1991,0.0,NY.GDP.PETR.RT.ZS,Oil rents (% of GDP)
HKG,1992,0.0,NY.GDP.PETR.RT.ZS,Oil rents (% of GDP)
HKG,1993,0.0,NY.GDP.PETR.RT.ZS,Oil rents (% of GDP)
HKG,1994,0.0,NY.GDP.PETR.RT.ZS,Oil rents (% of GDP)
HKG,1995,0.0,NY.GDP.PETR.RT.ZS,Oil rents (% of GDP)
HKG,1996,0.0,NY.GDP.PETR.RT.ZS,Oil rents (% of GDP)
HKG,1997,0.0,NY.GDP.PETR.RT.ZS,Oil rents (% of GDP)
HKG,1998,0.0,NY.GDP.PETR.RT.ZS,Oil rents (% of GDP)
HKG,1999,0.0,NY.GDP.PETR.RT.ZS,Oil rents (% of GDP)
HKG,2000,0.0,NY.GDP.PETR.RT.ZS,Oil rents (% of GDP)
HKG,2001,0.0,NY.GDP.PETR.RT.ZS,Oil rents (% of GDP)
HKG,2002,0.0,NY.GDP.PETR.RT.ZS,Oil rents (% of GDP)
HKG,2003,0.0,NY.GDP.PETR.RT.ZS,Oil rents (% of GDP)
HKG,2004,0.0,NY.GDP.PETR.RT.ZS,Oil rents (% of GDP)
HKG,2005,0.0,NY.GDP.PETR.RT.ZS,Oil rents (% of GDP)
HKG,2006,0.0,NY.GDP.PETR.RT.ZS,Oil rents (% of GDP)
HKG,2007,0.0,NY.GDP.PETR.RT.ZS,Oil rents (% of GDP)
HKG,2008,0.0,NY.GDP.PETR.RT.ZS,Oil rents (% of GDP)
HKG,2009,0.0,NY.GDP.PETR.RT.ZS,Oil rents (% of GDP)
HKG,2010,0.000638697278003601,NY.GDP.PETR.RT.ZS,Oil rents (% of GDP)
HKG,2011,0.00668432568577963,NY.GDP.PETR.RT.ZS,Oil rents (% of GDP)
HKG,2012,0.00100349590596334,NY.GDP.PETR.RT.ZS,Oil rents (% of GDP)
HKG,2013,0.00265792478709432,NY.GDP.PETR.RT.ZS,Oil rents (% of GDP)
HKG,2014,0.0157873788944443,NY.GDP.PETR.RT.ZS,Oil rents (% of GDP)
HKG,2015,0.000197504854942892,NY.GDP.PETR.RT.ZS,Oil rents (% of GDP)
HKG,2016,0.000152821067876972,NY.GDP.PETR.RT.ZS,Oil rents (% of GDP)
HKG,2017,0.000282557257171556,NY.GDP.PETR.RT.ZS,Oil rents (% of GDP)
HKG,2018,0.000401062964781817,NY.GDP.PETR.RT.ZS,Oil rents (% of GDP)
HKG,2019,0.000293788423858794,NY.GDP.PETR.RT.ZS,Oil rents (% of GDP)
HKG,2020,0.00011978734728514,NY.GDP.PETR.RT.ZS,Oil rents (% of GDP)
HKG,2021,0.00035629289325357,NY.GDP.PETR.RT.ZS,Oil rents (% of GDP)
HKG,2022,,NY.GDP.PETR.RT.ZS,Oil rents (% of GDP)
HKG,2023,,NY.GDP.PETR.RT.ZS,Oil rents (% of GDP)
HKG,2024,,NY.GDP.PETR.RT.ZS,Oil rents (% of GDP)
HKG,2025,,NY.GDP.PETR.RT.ZS,Oil rents (% of GDP)
JPN,1960,,NY.GDP.PETR.RT.ZS,Oil rents (% of GDP)
JPN,1961,,NY.GDP.PETR.RT.ZS,Oil rents (% of GDP)
JPN,1962,,NY.GDP.PETR.RT.ZS,Oil rents (% of GDP)
JPN,1963,,NY.GDP.PETR.RT.ZS,Oil rents (% of GDP)
JPN,1964,,NY.GDP.PETR.RT.ZS,Oil rents (% of GDP)
JPN,1965,,NY.GDP.PETR.RT.ZS,Oil rents (% of GDP)
JPN,1966,,NY.GDP.PETR.RT.ZS,Oil rents (% of GDP)
JPN,1967,,NY.GDP.PETR.RT.ZS,Oil rents (% of GDP)
JPN,1968,,NY.GDP.PETR.RT.ZS,Oil rents (% of GDP)
JPN,1969,,NY.GDP.PETR.RT.ZS,Oil rents (% of GDP)
JPN,1970,0.001991430044959,NY.GDP.PETR.RT.ZS,Oil rents (% of GDP)
JPN,1971,0.00202282281838792,NY.GDP.PETR.RT.ZS,Oil rents (% of GDP)
JPN,1972,0.00512588043391842,NY.GDP.PETR.RT.ZS,Oil rents (% of GDP)
JPN,1973,0.0119486251427685,NY.GDP.PETR.RT.ZS,Oil rents (% of GDP)
JPN,1974,0.0759537611681884,NY.GDP.PETR.RT.ZS,Oil rents (% of GDP)
JPN,1975,0.0738619929657741,NY.GDP.PETR.RT.ZS,Oil rents (% of GDP)
JPN,1976,0.0719302162281716,NY.GDP.PETR.RT.ZS,Oil rents (% of GDP)
JPN,1977,0.0643728513688187,NY.GDP.PETR.RT.ZS,Oil rents (% of GDP)
JPN,1978,0.0447604867560379,NY.GDP.PETR.RT.ZS,Oil rents (% of GDP)
JPN,1979,0.103392720750003,NY.GDP.PETR.RT.ZS,Oil rents (% of GDP)
JPN,1980,0.0100052471535842,NY.GDP.PETR.RT.ZS,Oil rents (% of GDP)
JPN,1981,0.00520697033206739,NY.GDP.PETR.RT.ZS,Oil rents (% of GDP)
JPN,1982,0.00481146472961348,NY.GDP.PETR.RT.ZS,Oil rents (% of GDP)
JPN,1983,0.00513133459164303,NY.GDP.PETR.RT.ZS,Oil rents (% of GDP)
JPN,1984,0.00499719227174723,NY.GDP.PETR.RT.ZS,Oil rents (% of GDP)
JPN,1985,0.00591468110195453,NY.GDP.PETR.RT.ZS,Oil rents (% of GDP)
JPN,1986,0.00203763524480006,NY.GDP.PETR.RT.ZS,Oil rents (% of GDP)
JPN,1987,0.00229609662163392,NY.GDP.PETR.RT.ZS,Oil rents (% of GDP)
JPN,1988,0.0014198449311382,NY.GDP.PETR.RT.ZS,Oil rents (% of GDP)
JPN,1989,0.00188386930877796,NY.GDP.PETR.RT.ZS,Oil rents (% of GDP)
JPN,1990,0.00279922437373703,NY.GDP.PETR.RT.ZS,Oil rents (% of GDP)
JPN,1991,0.00170664670408799,NY.GDP.PETR.RT.ZS,Oil rents (% of GDP)
JPN,1992,0.00193121531653345,NY.GDP.PETR.RT.ZS,Oil rents (% of GDP)
JPN,1993,0.00168279806566904,NY.GDP.PETR.RT.ZS,Oil rents (% of GDP)
JPN,1994,0.00124849044449718,NY.GDP.PETR.RT.ZS,Oil rents (% of GDP)
JPN,1995,0.0012694526503513,NY.GDP.PETR.RT.ZS,Oil rents (% of GDP)
JPN,1996,0.0016809144090308,NY.GDP.PETR.RT.ZS,Oil rents (% of GDP)
JPN,1997,0.00134733119219593,NY.GDP.PETR.RT.ZS,Oil rents (% of GDP)
JPN,1998,0.000714692041191231,NY.GDP.PETR.RT.ZS,Oil rents (% of GDP)
JPN,1999,0.00108953739717056,NY.GDP.PETR.RT.ZS,Oil rents (% of GDP)
JPN,2000,0.00204600728487652,NY.GDP.PETR.RT.ZS,Oil rents (% of GDP)
JPN,2001,0.00113511914094131,NY.GDP.PETR.RT.ZS,Oil rents (% of GDP)
JPN,2002,0.00112559597627164,NY.GDP.PETR.RT.ZS,Oil rents (% of GDP)
JPN,2003,0.00115087198424737,NY.GDP.PETR.RT.ZS,Oil rents (% of GDP)
JPN,2004,0.00112400162714459,NY.GDP.PETR.RT.ZS,Oil rents (% of GDP)
JPN,2005,0.00190799261441482,NY.GDP.PETR.RT.ZS,Oil rents (% of GDP)
JPN,2006,0.00214720299585778,NY.GDP.PETR.RT.ZS,Oil rents (% of GDP)
JPN,2007,0.00248906218354903,NY.GDP.PETR.RT.ZS,Oil rents (% of GDP)
JPN,2008,0.00254187890087445,NY.GDP.PETR.RT.ZS,Oil rents (% of GDP)
JPN,2009,0.00121214539684085,NY.GDP.PETR.RT.ZS,Oil rents (% of GDP)
JPN,2010,0.00158079099188119,NY.GDP.PETR.RT.ZS,Oil rents (% of GDP)
JPN,2011,0.00234602321423817,NY.GDP.PETR.RT.ZS,Oil rents (% of GDP)
JPN,2012,0.00248638665620751,NY.GDP.PETR.RT.ZS,Oil rents (% of GDP)
JPN,2013,0.00279888580497218,NY.GDP.PETR.RT.ZS,Oil rents (% of GDP)
JPN,2014,0.00369773020794163,NY.GDP.PETR.RT.ZS,Oil rents (% of GDP)
JPN,2015,0.00197604493943565,NY.GDP.PETR.RT.ZS,Oil rents (% of GDP)
JPN,2016,0.00120567077494375,NY.GDP.PETR.RT.ZS,Oil rents (% of GDP)
JPN,2017,0.00188218849166514,NY.GDP.PETR.RT.ZS,Oil rents (% of GDP)
JPN,2018,0.00254122923421228,NY.GDP.PETR.RT.ZS,Oil rents (% of GDP)
JPN,2019,0.00193344998804187,NY.GDP.PETR.RT.ZS,Oil rents (% of GDP)
JPN,2020,0.000710792505710748,NY.GDP.PETR.RT.ZS,Oil rents (% of GDP)
JPN,2021,0.00223132111964285,NY.GDP.PETR.RT.ZS,Oil rents (% of GDP)
JPN,2022,,NY.GDP.PETR.RT.ZS,Oil rents (% of GDP)
JPN,2023,,NY.GDP.PETR.RT.ZS,Oil rents (% of GDP)
JPN,2024,,NY.GDP.PETR.RT.ZS,Oil rents (% of GDP)
JPN,2025,,NY.GDP.PETR.RT.ZS,Oil rents (% of GDP)
KOR,1960,,NY.GDP.PETR.RT.ZS,Oil rents (% of GDP)
KOR,1961,,NY.GDP.PETR.RT.ZS,Oil rents (% of GDP)
KOR,1962,,NY.GDP.PETR.RT.ZS,Oil rents (% of GDP)
KOR,1963,,NY.GDP.PETR.RT.ZS,Oil rents (% of GDP)
KOR,1964,,NY.GDP.PETR.RT.ZS,Oil rents (% of GDP)
KOR,1965,,NY.GDP.PETR.RT.ZS,Oil rents (% of GDP)
KOR,1966,,NY.GDP.PETR.RT.ZS,Oil rents (% of GDP)
KOR,1967,,NY.GDP.PETR.RT.ZS,Oil rents (% of GDP)
KOR,1968,,NY.GDP.PETR.RT.ZS,Oil rents (% of GDP)
KOR,1969,,NY.GDP.PETR.RT.ZS,Oil rents (% of GDP)
KOR,1970,,NY.GDP.PETR.RT.ZS,Oil rents (% of GDP)
KOR,1971,0.0,NY.GDP.PETR.RT.ZS,Oil rents (% of GDP)
KOR,1972,0.0,NY.GDP.PETR.RT.ZS,Oil rents (% of GDP)
KOR,1973,0.0,NY.GDP.PETR.RT.ZS,Oil rents (% of GDP)
KOR,1974,0.0,NY.GDP.PETR.RT.ZS,Oil rents (% of GDP)
KOR,1975,0.0,NY.GDP.PETR.RT.ZS,Oil rents (% of GDP)
KOR,1976,0.0,NY.GDP.PETR.RT.ZS,Oil rents (% of GDP)
KOR,1977,0.0,NY.GDP.PETR.RT.ZS,Oil rents (% of GDP)
KOR,1978,0.0,NY.GDP.PETR.RT.ZS,Oil rents (% of GDP)
KOR,1979,0.0,NY.GDP.PETR.RT.ZS,Oil rents (% of GDP)
KOR,1980,0.0,NY.GDP.PETR.RT.ZS,Oil rents (% of GDP)
KOR,1981,0.0,NY.GDP.PETR.RT.ZS,Oil rents (% of GDP)
KOR,1982,0.0,NY.GDP.PETR.RT.ZS,Oil rents (% of GDP)
KOR,1983,0.0,NY.GDP.PETR.RT.ZS,Oil rents (% of GDP)
KOR,1984,0.0,NY.GDP.PETR.RT.ZS,Oil rents (% of GDP)
KOR,1985,0.0,NY.GDP.PETR.RT.ZS,Oil rents (% of GDP)
KOR,1986,0.0,NY.GDP.PETR.RT.ZS,Oil rents (% of GDP)
KOR,1987,0.0,NY.GDP.PETR.RT.ZS,Oil rents (% of GDP)
KOR,1988,0.0,NY.GDP.PETR.RT.ZS,Oil rents (% of GDP)
KOR,1989,0.0,NY.GDP.PETR.RT.ZS,Oil rents (% of GDP)
KOR,1990,0.0,NY.GDP.PETR.RT.ZS,Oil rents (% of GDP)
KOR,1991,0.0,NY.GDP.PETR.RT.ZS,Oil rents (% of GDP)
KOR,1992,0.0,NY.GDP.PETR.RT.ZS,Oil rents (% of GDP)
KOR,1993,0.0,NY.GDP.PETR.RT.ZS,Oil rents (% of GDP)
KOR,1994,0.0,NY.GDP.PETR.RT.ZS,Oil rents (% of GDP)
KOR,1995,0.0,NY.GDP.PETR.RT.ZS,Oil rents (% of GDP)
KOR,1996,0.0,NY.GDP.PETR.RT.ZS,Oil rents (% of GDP)
KOR,1997,0.00454414623052199,NY.GDP.PETR.RT.ZS,Oil rents (% of GDP)
KOR,1998,0.00423666970660155,NY.GDP.PETR.RT.ZS,Oil rents (% of GDP)
KOR,1999,0.00668755018612009,NY.GDP.PETR.RT.ZS,Oil rents (% of GDP)
KOR,2000,0.0171114384123705,NY.GDP.PETR.RT.ZS,Oil rents (% of GDP)
KOR,2001,0.0117084529963086,NY.GDP.PETR.RT.ZS,Oil rents (% of GDP)
KOR,2002,0.00957433571508732,NY.GDP.PETR.RT.ZS,Oil rents (% of GDP)
KOR,2003,0.0089188228034682,NY.GDP.PETR.RT.ZS,Oil rents (% of GDP)
KOR,2004,0.0104071686453881,NY.GDP.PETR.RT.ZS,Oil rents (% of GDP)
KOR,2005,0.0152754218373255,NY.GDP.PETR.RT.ZS,Oil rents (% of GDP)
KOR,2006,0.0186508346760964,NY.GDP.PETR.RT.ZS,Oil rents (% of GDP)
KOR,2007,0.0198193989631689,NY.GDP.PETR.RT.ZS,Oil rents (% of GDP)
KOR,2008,0.0327981749761399,NY.GDP.PETR.RT.ZS,Oil rents (% of GDP)
KOR,2009,0.023956728591914,NY.GDP.PETR.RT.ZS,Oil rents (% of GDP)
KOR,2010,0.0438448106743931,NY.GDP.PETR.RT.ZS,Oil rents (% of GDP)
KOR,2011,0.0596703107786387,NY.GDP.PETR.RT.ZS,Oil rents (% of GDP)
KOR,2012,0.0569097069190274,NY.GDP.PETR.RT.ZS,Oil rents (% of GDP)
KOR,2013,0.0461384584384727,NY.GDP.PETR.RT.ZS,Oil rents (% of GDP)
KOR,2014,0.0403191275638592,NY.GDP.PETR.RT.ZS,Oil rents (% of GDP)
KOR,2015,0.0184101263141833,NY.GDP.PETR.RT.ZS,Oil rents (% of GDP)
KOR,2016,0.0154774466539604,NY.GDP.PETR.RT.ZS,Oil rents (% of GDP)
KOR,2017,0.0156129162216889,NY.GDP.PETR.RT.ZS,Oil rents (% of GDP)
KOR,2018,0.0251346708672274,NY.GDP.PETR.RT.ZS,Oil rents (% of GDP)
KOR,2019,0.0191641999802525,NY.GDP.PETR.RT.ZS,Oil rents (% of GDP)
KOR,2020,0.00898681274589818,NY.GDP.PETR.RT.ZS,Oil rents (% of GDP)
KOR,2021,0.0283124162355571,NY.GDP.PETR.RT.ZS,Oil rents (% of GDP)
KOR,2022,,NY.GDP.PETR.RT.ZS,Oil rents (% of GDP)
KOR,2023,,NY.GDP.PETR.RT.ZS,Oil rents (% of GDP)
KOR,2024,,NY.GDP.PETR.RT.ZS,Oil rents (% of GDP)
KOR,2025,,NY.GDP.PETR.RT.ZS,Oil rents (% of GDP)
MEX,1960,,NY.GDP.PETR.RT.ZS,Oil rents (% of GDP)
MEX,1961,,NY.GDP.PETR.RT.ZS,Oil rents (% of GDP)
MEX,1962,,NY.GDP.PETR.RT.ZS,Oil rents (% of GDP)
MEX,1963,,NY.GDP.PETR.RT.ZS,Oil rents (% of GDP)
MEX,1964,,NY.GDP.PETR.RT.ZS,Oil rents (% of GDP)
MEX,1965,,NY.GDP.PETR.RT.ZS,Oil rents (% of GDP)
MEX,1966,,NY.GDP.PETR.RT.ZS,Oil rents (% of GDP)
MEX,1967,,NY.GDP.PETR.RT.ZS,Oil rents (% of GDP)
MEX,1968,,NY.GDP.PETR.RT.ZS,Oil rents (% of GDP)
MEX,1969,,NY.GDP.PETR.RT.ZS,Oil rents (% of GDP)
MEX,1970,0.204288512529996,NY.GDP.PETR.RT.ZS,Oil rents (% of GDP)
MEX,1971,0.299015550436243,NY.GDP.PETR.RT.ZS,Oil rents (% of GDP)
MEX,1972,0.31456660350112,NY.GDP.PETR.RT.ZS,Oil rents (% of GDP)
MEX,1973,0.471736151765772,NY.GDP.PETR.RT.ZS,Oil rents (% of GDP)
MEX,1974,2.57282025355611,NY.GDP.PETR.RT.ZS,Oil rents (% of GDP)
MEX,1975,2.49010737213211,NY.GDP.PETR.RT.ZS,Oil rents (% of GDP)
MEX,1976,2.98705970420645,NY.GDP.PETR.RT.ZS,Oil rents (% of GDP)
MEX,1977,3.33624660345827,NY.GDP.PETR.RT.ZS,Oil rents (% of GDP)
MEX,1978,3.62012996831848,NY.GDP.PETR.RT.ZS,Oil rents (% of GDP)
MEX,1979,8.71636010453775,NY.GDP.PETR.RT.ZS,Oil rents (% of GDP)
MEX,1980,9.61731417060257,NY.GDP.PETR.RT.ZS,Oil rents (% of GDP)
MEX,1981,7.42762704678809,NY.GDP.PETR.RT.ZS,Oil rents (% of GDP)
MEX,1982,7.50397258889744,NY.GDP.PETR.RT.ZS,Oil rents (% of GDP)
MEX,1983,11.7261554852808,NY.GDP.PETR.RT.ZS,Oil rents (% of GDP)
MEX,1984,9.84444229082766,NY.GDP.PETR.RT.ZS,Oil rents (% of GDP)
MEX,1985,8.61459820040424,NY.GDP.PETR.RT.ZS,Oil rents (% of GDP)
MEX,1986,4.97962851823254,NY.GDP.PETR.RT.ZS,Oil rents (% of GDP)
MEX,1987,7.73388204379299,NY.GDP.PETR.RT.ZS,Oil rents (% of GDP)
MEX,1988,4.64028805528562,NY.GDP.PETR.RT.ZS,Oil rents (% of GDP)
MEX,1989,5.79313137345124,NY.GDP.PETR.RT.ZS,Oil rents (% of GDP)
MEX,1990,6.8456871360715,NY.GDP.PETR.RT.ZS,Oil rents (% of GDP)
MEX,1991,3.28443133736966,NY.GDP.PETR.RT.ZS,Oil rents (% of GDP)
MEX,1992,3.04098381617295,NY.GDP.PETR.RT.ZS,Oil rents (% of GDP)
MEX,1993,2.11322234509591,NY.GDP.PETR.RT.ZS,Oil rents (% of GDP)
MEX,1994,1.94028537233214,NY.GDP.PETR.RT.ZS,Oil rents (% of GDP)
MEX,1995,3.18458587486466,NY.GDP.PETR.RT.ZS,Oil rents (% of GDP)
MEX,1996,3.72059342746973,NY.GDP.PETR.RT.ZS,Oil rents (% of GDP)
MEX,1997,2.84312857753682,NY.GDP.PETR.RT.ZS,Oil rents (% of GDP)
MEX,1998,1.46767139990085,NY.GDP.PETR.RT.ZS,Oil rents (% of GDP)
MEX,1999,2.1311082380075,NY.GDP.PETR.RT.ZS,Oil rents (% of GDP)
MEX,2000,3.33837327328532,NY.GDP.PETR.RT.ZS,Oil rents (% of GDP)
MEX,2001,2.39265778309786,NY.GDP.PETR.RT.ZS,Oil rents (% of GDP)
MEX,2002,2.56123107950286,NY.GDP.PETR.RT.ZS,Oil rents (% of GDP)
MEX,2003,3.17250156374492,NY.GDP.PETR.RT.ZS,Oil rents (% of GDP)
MEX,2004,3.91311549345697,NY.GDP.PETR.RT.ZS,Oil rents (% of GDP)
MEX,2005,5.19854636227176,NY.GDP.PETR.RT.ZS,Oil rents (% of GDP)
MEX,2006,5.53800257872389,NY.GDP.PETR.RT.ZS,Oil rents (% of GDP)
MEX,2007,5.08084054962981,NY.GDP.PETR.RT.ZS,Oil rents (% of GDP)
MEX,2008,6.04436562265737,NY.GDP.PETR.RT.ZS,Oil rents (% of GDP)
MEX,2009,3.43604404491316,NY.GDP.PETR.RT.ZS,Oil rents (% of GDP)
MEX,2010,4.0853189393579,NY.GDP.PETR.RT.ZS,Oil rents (% of GDP)
MEX,2011,5.72990793071681,NY.GDP.PETR.RT.ZS,Oil rents (% of GDP)
MEX,2012,5.40265415074589,NY.GDP.PETR.RT.ZS,Oil rents (% of GDP)
MEX,2013,4.59508453903103,NY.GDP.PETR.RT.ZS,Oil rents (% of GDP)
MEX,2014,3.9014361869158,NY.GDP.PETR.RT.ZS,Oil rents (% of GDP)
MEX,2015,1.54607339138936,NY.GDP.PETR.RT.ZS,Oil rents (% of GDP)
MEX,2016,1.23719531597201,NY.GDP.PETR.RT.ZS,Oil rents (% of GDP)
MEX,2017,1.55624412694841,NY.GDP.PETR.RT.ZS,Oil rents (% of GDP)
MEX,2018,2.20735150189898,NY.GDP.PETR.RT.ZS,Oil rents (% of GDP)
MEX,2019,1.58229584530394,NY.GDP.PETR.RT.ZS,Oil rents (% of GDP)
MEX,2020,0.867384554620089,NY.GDP.PETR.RT.ZS,Oil rents (% of GDP)
MEX,2021,2.06594374719816,NY.GDP.PETR.RT.ZS,Oil rents (% of GDP)
MEX,2022,,NY.GDP.PETR.RT.ZS,Oil rents (% of GDP)
MEX,2023,,NY.GDP.PETR.RT.ZS,Oil rents (% of GDP)
MEX,2024,,NY.GDP.PETR.RT.ZS,Oil rents (% of GDP)
MEX,2025,,NY.GDP.PETR.RT.ZS,Oil rents (% of GDP)
MYS,1960,,NY.GDP.PETR.RT.ZS,Oil rents (% of GDP)
MYS,1961,,NY.GDP.PETR.RT.ZS,Oil rents (% of GDP)
MYS,1962,,NY.GDP.PETR.RT.ZS,Oil rents (% of GDP)
MYS,1963,,NY.GDP.PETR.RT.ZS,Oil rents (% of GDP)
MYS,1964,,NY.GDP.PETR.RT.ZS,Oil rents (% of GDP)
MYS,1965,,NY.GDP.PETR.RT.ZS,Oil rents (% of GDP)
MYS,1966,,NY.GDP.PETR.RT.ZS,Oil rents (% of GDP)
MYS,1967,,NY.GDP.PETR.RT.ZS,Oil rents (% of GDP)
MYS,1968,,NY.GDP.PETR.RT.ZS,Oil rents (% of GDP)
MYS,1969,,NY.GDP.PETR.RT.ZS,Oil rents (% of GDP)
MYS,1970,0.0168146816605373,NY.GDP.PETR.RT.ZS,Oil rents (% of GDP)
MYS,1971,0.0668842004969055,NY.GDP.PETR.RT.ZS,Oil rents (% of GDP)
MYS,1972,0.253118828194178,NY.GDP.PETR.RT.ZS,Oil rents (% of GDP)
MYS,1973,0.515906818444802,NY.GDP.PETR.RT.ZS,Oil rents (% of GDP)
MYS,1974,2.64251075151027,NY.GDP.PETR.RT.ZS,Oil rents (% of GDP)
MYS,1975,3.59264852012829,NY.GDP.PETR.RT.ZS,Oil rents (% of GDP)
MYS,1976,5.53236920059649,NY.GDP.PETR.RT.ZS,Oil rents (% of GDP)
MYS,1977,5.79618674041397,NY.GDP.PETR.RT.ZS,Oil rents (% of GDP)
MYS,1978,5.48461744904904,NY.GDP.PETR.RT.ZS,Oil rents (% of GDP)
MYS,1979,13.3339842412618,NY.GDP.PETR.RT.ZS,Oil rents (% of GDP)
MYS,1980,12.7544859581505,NY.GDP.PETR.RT.ZS,Oil rents (% of GDP)
MYS,1981,9.48820932436969,NY.GDP.PETR.RT.ZS,Oil rents (% of GDP)
MYS,1982,6.95026678656724,NY.GDP.PETR.RT.ZS,Oil rents (% of GDP)
MYS,1983,9.08509496998775,NY.GDP.PETR.RT.ZS,Oil rents (% of GDP)
MYS,1984,9.38668970307597,NY.GDP.PETR.RT.ZS,Oil rents (% of GDP)
MYS,1985,10.039182090438,NY.GDP.PETR.RT.ZS,Oil rents (% of GDP)
MYS,1986,5.9985712191174,NY.GDP.PETR.RT.ZS,Oil rents (% of GDP)
MYS,1987,7.6046790210216,NY.GDP.PETR.RT.ZS,Oil rents (% of GDP)
MYS,1988,5.64035979972944,NY.GDP.PETR.RT.ZS,Oil rents (% of GDP)
MYS,1989,7.96651029868657,NY.GDP.PETR.RT.ZS,Oil rents (% of GDP)
MYS,1990,10.2305989016965,NY.GDP.PETR.RT.ZS,Oil rents (% of GDP)
MYS,1991,5.42149160741163,NY.GDP.PETR.RT.ZS,Oil rents (% of GDP)
MYS,1992,4.93163394069584,NY.GDP.PETR.RT.ZS,Oil rents (% of GDP)
MYS,1993,4.18799363570595,NY.GDP.PETR.RT.ZS,Oil rents (% of GDP)
MYS,1994,3.26542845465158,NY.GDP.PETR.RT.ZS,Oil rents (% of GDP)
MYS,1995,3.17116110941302,NY.GDP.PETR.RT.ZS,Oil rents (% of GDP)
MYS,1996,3.56410340235547,NY.GDP.PETR.RT.ZS,Oil rents (% of GDP)
MYS,1997,3.09025555254095,NY.GDP.PETR.RT.ZS,Oil rents (% of GDP)
MYS,1998,2.0250566884991,NY.GDP.PETR.RT.ZS,Oil rents (% of GDP)
MYS,1999,3.08538088119353,NY.GDP.PETR.RT.ZS,Oil rents (% of GDP)
MYS,2000,5.00305271845637,NY.GDP.PETR.RT.ZS,Oil rents (% of GDP)
MYS,2001,3.80612191711308,NY.GDP.PETR.RT.ZS,Oil rents (% of GDP)
MYS,2002,3.7943040184147,NY.GDP.PETR.RT.ZS,Oil rents (% of GDP)
MYS,2003,4.23640666645896,NY.GDP.PETR.RT.ZS,Oil rents (% of GDP)
MYS,2004,5.61137530219416,NY.GDP.PETR.RT.ZS,Oil rents (% of GDP)
MYS,2005,7.08944062793991,NY.GDP.PETR.RT.ZS,Oil rents (% of GDP)
MYS,2006,7.01882709402704,NY.GDP.PETR.RT.ZS,Oil rents (% of GDP)
MYS,2007,5.89566119166293,NY.GDP.PETR.RT.ZS,Oil rents (% of GDP)
MYS,2008,7.12611467503542,NY.GDP.PETR.RT.ZS,Oil rents (% of GDP)
MYS,2009,3.92901312526175,NY.GDP.PETR.RT.ZS,Oil rents (% of GDP)
MYS,2010,4.63501988366743,NY.GDP.PETR.RT.ZS,Oil rents (% of GDP)
MYS,2011,5.48169161167852,NY.GDP.PETR.RT.ZS,Oil rents (% of GDP)
MYS,2012,4.89957757600977,NY.GDP.PETR.RT.ZS,Oil rents (% of GDP)
MYS,2013,4.34705959022544,NY.GDP.PETR.RT.ZS,Oil rents (% of GDP)
MYS,2014,3.85543153552736,NY.GDP.PETR.RT.ZS,Oil rents (% of GDP)
MYS,2015,1.86528956443024,NY.GDP.PETR.RT.ZS,Oil rents (% of GDP)
MYS,2016,1.5297271888572,NY.GDP.PETR.RT.ZS,Oil rents (% of GDP)
MYS,2017,2.07911297067253,NY.GDP.PETR.RT.ZS,Oil rents (% of GDP)
MYS,2018,2.71329599019211,NY.GDP.PETR.RT.ZS,Oil rents (% of GDP)
MYS,2019,1.83020222238435,NY.GDP.PETR.RT.ZS,Oil rents (% of GDP)
MYS,2020,0.685563649053848,NY.GDP.PETR.RT.ZS,Oil rents (% of GDP)
MYS,2021,1.84561185301968,NY.GDP.PETR.RT.ZS,Oil rents (% of GDP)
MYS,2022,,NY.GDP.PETR.RT.ZS,Oil rents (% of GDP)
MYS,2023,,NY.GDP.PETR.RT.ZS,Oil rents (% of GDP)
MYS,2024,,NY.GDP.PETR.RT.ZS,Oil rents (% of GDP)
MYS,2025,,NY.GDP.PETR.RT.ZS,Oil rents (% of GDP)
NLD,1960,,NY.GDP.PETR.RT.ZS,Oil rents (% of GDP)
NLD,1961,,NY.GDP.PETR.RT.ZS,Oil rents (% of GDP)
NLD,1962,,NY.GDP.PETR.RT.ZS,Oil rents (% of GDP)
NLD,1963,,NY.GDP.PETR.RT.ZS,Oil rents (% of GDP)
NLD,1964,,NY.GDP.PETR.RT.ZS,Oil rents (% of GDP)
NLD,1965,,NY.GDP.PETR.RT.ZS,Oil rents (% of GDP)
NLD,1966,,NY.GDP.PETR.RT.ZS,Oil rents (% of GDP)
NLD,1967,,NY.GDP.PETR.RT.ZS,Oil rents (% of GDP)
NLD,1968,,NY.GDP.PETR.RT.ZS,Oil rents (% of GDP)
NLD,1969,,NY.GDP.PETR.RT.ZS,Oil rents (% of GDP)
NLD,1970,0.00372889222110017,NY.GDP.PETR.RT.ZS,Oil rents (% of GDP)
NLD,1971,0.0105197798987112,NY.GDP.PETR.RT.ZS,Oil rents (% of GDP)
NLD,1972,0.0119800468109578,NY.GDP.PETR.RT.ZS,Oil rents (% of GDP)
NLD,1973,0.0155183279142982,NY.GDP.PETR.RT.ZS,Oil rents (% of GDP)
NLD,1974,0.0758363178483783,NY.GDP.PETR.RT.ZS,Oil rents (% of GDP)
NLD,1975,0.0592830338812027,NY.GDP.PETR.RT.ZS,Oil rents (% of GDP)
NLD,1976,0.057142654858118,NY.GDP.PETR.RT.ZS,Oil rents (% of GDP)
NLD,1977,0.0525942534791969,NY.GDP.PETR.RT.ZS,Oil rents (% of GDP)
NLD,1978,0.0441130666922606,NY.GDP.PETR.RT.ZS,Oil rents (% of GDP)
NLD,1979,0.0880124084237036,NY.GDP.PETR.RT.ZS,Oil rents (% of GDP)
NLD,1980,0.0991602713339389,NY.GDP.PETR.RT.ZS,Oil rents (% of GDP)
NLD,1981,0.0998527388759243,NY.GDP.PETR.RT.ZS,Oil rents (% of GDP)
NLD,1982,0.0789326603045302,NY.GDP.PETR.RT.ZS,Oil rents (% of GDP)
NLD,1983,0.16750131553101,NY.GDP.PETR.RT.ZS,Oil rents (% of GDP)
NLD,1984,0.21908064826428,NY.GDP.PETR.RT.ZS,Oil rents (% of GDP)
NLD,1985,0.269599275870849,NY.GDP.PETR.RT.ZS,Oil rents (% of GDP)
NLD,1986,0.09472777125738,NY.GDP.PETR.RT.ZS,Oil rents (% of GDP)
NLD,1987,0.115679936555752,NY.GDP.PETR.RT.ZS,Oil rents (% of GDP)
NLD,1988,0.0750961021774671,NY.GDP.PETR.RT.ZS,Oil rents (% of GDP)
NLD,1989,0.105830170311003,NY.GDP.PETR.RT.ZS,Oil rents (% of GDP)
NLD,1990,0.123024890879415,NY.GDP.PETR.RT.ZS,Oil rents (% of GDP)
NLD,1991,0.0536064393908414,NY.GDP.PETR.RT.ZS,Oil rents (% of GDP)
NLD,1992,0.0457012196410724,NY.GDP.PETR.RT.ZS,Oil rents (% of GDP)
NLD,1993,0.0424748831970111,NY.GDP.PETR.RT.ZS,Oil rents (% of GDP)
NLD,1994,0.045482278029272,NY.GDP.PETR.RT.ZS,Oil rents (% of GDP)
NLD,1995,0.033702618174493,NY.GDP.PETR.RT.ZS,Oil rents (% of GDP)
NLD,1996,0.0387344513492524,NY.GDP.PETR.RT.ZS,Oil rents (% of GDP)
NLD,1997,0.0304655261421261,NY.GDP.PETR.RT.ZS,Oil rents (% of GDP)
NLD,1998,0.00746303044104274,NY.GDP.PETR.RT.ZS,Oil rents (% of GDP)
NLD,1999,0.0203269079678711,NY.GDP.PETR.RT.ZS,Oil rents (% of GDP)
NLD,2000,0.0428661703754643,NY.GDP.PETR.RT.ZS,Oil rents (% of GDP)
NLD,2001,0.0288835905371522,NY.GDP.PETR.RT.ZS,Oil rents (% of GDP)
NLD,2002,0.0447970205533278,NY.GDP.PETR.RT.ZS,Oil rents (% of GDP)
NLD,2003,0.0444408788956073,NY.GDP.PETR.RT.ZS,Oil rents (% of GDP)
NLD,2004,0.0482013400128872,NY.GDP.PETR.RT.ZS,Oil rents (% of GDP)
NLD,2005,0.0486888872963133,NY.GDP.PETR.RT.ZS,Oil rents (% of GDP)
NLD,2006,0.0474303353534585,NY.GDP.PETR.RT.ZS,Oil rents (% of GDP)
NLD,2007,0.0695823476637214,NY.GDP.PETR.RT.ZS,Oil rents (% of GDP)
NLD,2008,0.0767004716623707,NY.GDP.PETR.RT.ZS,Oil rents (% of GDP)
NLD,2009,0.0342324179411298,NY.GDP.PETR.RT.ZS,Oil rents (% of GDP)
NLD,2010,0.0313299442533534,NY.GDP.PETR.RT.ZS,Oil rents (% of GDP)
NLD,2011,0.0513023587099409,NY.GDP.PETR.RT.ZS,Oil rents (% of GDP)
NLD,2012,0.0544334924427504,NY.GDP.PETR.RT.ZS,Oil rents (% of GDP)
NLD,2013,0.0489230990645562,NY.GDP.PETR.RT.ZS,Oil rents (% of GDP)
NLD,2014,0.0610565682264859,NY.GDP.PETR.RT.ZS,Oil rents (% of GDP)
NLD,2015,0.0277934109206209,NY.GDP.PETR.RT.ZS,Oil rents (% of GDP)
NLD,2016,0.0142927116318486,NY.GDP.PETR.RT.ZS,Oil rents (% of GDP)
NLD,2017,0.0205884596366125,NY.GDP.PETR.RT.ZS,Oil rents (% of GDP)
NLD,2018,0.0285323898225818,NY.GDP.PETR.RT.ZS,Oil rents (% of GDP)
NLD,2019,0.0211765776530471,NY.GDP.PETR.RT.ZS,Oil rents (% of GDP)
NLD,2020,0.0111244987898519,NY.GDP.PETR.RT.ZS,Oil rents (% of GDP)
NLD,2021,0.024399192645775,NY.GDP.PETR.RT.ZS,Oil rents (% of GDP)
NLD,2022,,NY.GDP.PETR.RT.ZS,Oil rents (% of GDP)
NLD,2023,,NY.GDP.PETR.RT.ZS,Oil rents (% of GDP)
NLD,2024,,NY.GDP.PETR.RT.ZS,Oil rents (% of GDP)
NLD,2025,,NY.GDP.PETR.RT.ZS,Oil rents (% of GDP)
NOR,1960,,NY.GDP.PETR.RT.ZS,Oil rents (% of GDP)
NOR,1961,,NY.GDP.PETR.RT.ZS,Oil rents (% of GDP)
NOR,1962,,NY.GDP.PETR.RT.ZS,Oil rents (% of GDP)
NOR,1963,,NY.GDP.PETR.RT.ZS,Oil rents (% of GDP)
NOR,1964,,NY.GDP.PETR.RT.ZS,Oil rents (% of GDP)
NOR,1965,,NY.GDP.PETR.RT.ZS,Oil rents (% of GDP)
NOR,1966,,NY.GDP.PETR.RT.ZS,Oil rents (% of GDP)
NOR,1967,,NY.GDP.PETR.RT.ZS,Oil rents (% of GDP)
NOR,1968,,NY.GDP.PETR.RT.ZS,Oil rents (% of GDP)
NOR,1969,,NY.GDP.PETR.RT.ZS,Oil rents (% of GDP)
NOR,1970,,NY.GDP.PETR.RT.ZS,Oil rents (% of GDP)
NOR,1971,0.00571640044683479,NY.GDP.PETR.RT.ZS,Oil rents (% of GDP)
NOR,1972,0.0389789106875158,NY.GDP.PETR.RT.ZS,Oil rents (% of GDP)
NOR,1973,0.0529198330230973,NY.GDP.PETR.RT.ZS,Oil rents (% of GDP)
NOR,1974,0.28685137660801,NY.GDP.PETR.RT.ZS,Oil rents (% of GDP)
NOR,1975,1.19535280878629,NY.GDP.PETR.RT.ZS,Oil rents (% of GDP)
NOR,1976,1.75797761239712,NY.GDP.PETR.RT.ZS,Oil rents (% of GDP)
NOR,1977,1.65434243168867,NY.GDP.PETR.RT.ZS,Oil rents (% of GDP)
NOR,1978,1.85916082584113,NY.GDP.PETR.RT.ZS,Oil rents (% of GDP)
NOR,1979,4.34647457860653,NY.GDP.PETR.RT.ZS,Oil rents (% of GDP)
NOR,1980,5.6752746570003,NY.GDP.PETR.RT.ZS,Oil rents (% of GDP)
NOR,1981,4.49310364538214,NY.GDP.PETR.RT.ZS,Oil rents (% of GDP)
NOR,1982,2.97425059785102,NY.GDP.PETR.RT.ZS,Oil rents (% of GDP)
NOR,1983,4.90691426644312,NY.GDP.PETR.RT.ZS,Oil rents (% of GDP)
NOR,1984,5.76841668650316,NY.GDP.PETR.RT.ZS,Oil rents (% of GDP)
NOR,1985,6.08456118509164,NY.GDP.PETR.RT.ZS,Oil rents (% of GDP)
NOR,1986,2.1644132909421,NY.GDP.PETR.RT.ZS,Oil rents (% of GDP)
NOR,1987,3.36318065072751,NY.GDP.PETR.RT.ZS,Oil rents (% of GDP)
NOR,1988,2.71684171463548,NY.GDP.PETR.RT.ZS,Oil rents (% of GDP)
NOR,1989,5.7682743263294,NY.GDP.PETR.RT.ZS,Oil rents (% of GDP)
NOR,1990,7.38778559694277,NY.GDP.PETR.RT.ZS,Oil rents (% of GDP)
NOR,1991,4.08595620770174,NY.GDP.PETR.RT.ZS,Oil rents (% of GDP)
NOR,1992,4.72988779950069,NY.GDP.PETR.RT.ZS,Oil rents (% of GDP)
NOR,1993,5.26252270326991,NY.GDP.PETR.RT.ZS,Oil rents (% of GDP)
NOR,1994,5.00755972112755,NY.GDP.PETR.RT.ZS,Oil rents (% of GDP)
NOR,1995,5.03140095731558,NY.GDP.PETR.RT.ZS,Oil rents (% of GDP)
NOR,1996,7.37375599562261,NY.GDP.PETR.RT.ZS,Oil rents (% of GDP)
NOR,1997,5.89130932999415,NY.GDP.PETR.RT.ZS,Oil rents (% of GDP)
NOR,1998,1.83600242485291,NY.GDP.PETR.RT.ZS,Oil rents (% of GDP)
NOR,1999,5.22432027600053,NY.GDP.PETR.RT.ZS,Oil rents (% of GDP)
NOR,2000,11.563574057982,NY.GDP.PETR.RT.ZS,Oil rents (% of GDP)
NOR,2001,8.3238485310557,NY.GDP.PETR.RT.ZS,Oil rents (% of GDP)
NOR,2002,7.51237284652343,NY.GDP.PETR.RT.ZS,Oil rents (% of GDP)
NOR,2003,7.33585281468421,NY.GDP.PETR.RT.ZS,Oil rents (% of GDP)
NOR,2004,8.3587259592575,NY.GDP.PETR.RT.ZS,Oil rents (% of GDP)
NOR,2005,9.62679537974438,NY.GDP.PETR.RT.ZS,Oil rents (% of GDP)
NOR,2006,9.19503274522247,NY.GDP.PETR.RT.ZS,Oil rents (% of GDP)
NOR,2007,7.98287863833131,NY.GDP.PETR.RT.ZS,Oil rents (% of GDP)
NOR,2008,9.87352536152341,NY.GDP.PETR.RT.ZS,Oil rents (% of GDP)
NOR,2009,5.99263870550393,NY.GDP.PETR.RT.ZS,Oil rents (% of GDP)
NOR,2010,5.61799364871918,NY.GDP.PETR.RT.ZS,Oil rents (% of GDP)
NOR,2011,7.50443616793107,NY.GDP.PETR.RT.ZS,Oil rents (% of GDP)
NOR,2012,6.46713141316121,NY.GDP.PETR.RT.ZS,Oil rents (% of GDP)
NOR,2013,5.54926522150093,NY.GDP.PETR.RT.ZS,Oil rents (% of GDP)
NOR,2014,5.54233636695862,NY.GDP.PETR.RT.ZS,Oil rents (% of GDP)
NOR,2015,3.14606557734506,NY.GDP.PETR.RT.ZS,Oil rents (% of GDP)
NOR,2016,2.60460301891109,NY.GDP.PETR.RT.ZS,Oil rents (% of GDP)
NOR,2017,3.63541371456372,NY.GDP.PETR.RT.ZS,Oil rents (% of GDP)
NOR,2018,4.96722177394478,NY.GDP.PETR.RT.ZS,Oil rents (% of GDP)
NOR,2019,4.53800306780214,NY.GDP.PETR.RT.ZS,Oil rents (% of GDP)
NOR,2020,3.22981815901586,NY.GDP.PETR.RT.ZS,Oil rents (% of GDP)
NOR,2021,6.06347788332955,NY.GDP.PETR.RT.ZS,Oil rents (% of GDP)
NOR,2022,,NY.GDP.PETR.RT.ZS,Oil rents (% of GDP)
NOR,2023,,NY.GDP.PETR.RT.ZS,Oil rents (% of GDP)
NOR,2024,,NY.GDP.PETR.RT.ZS,Oil rents (% of GDP)
NOR,2025,,NY.GDP.PETR.RT.ZS,Oil rents (% of GDP)
SGP,1960,,NY.GDP.PETR.RT.ZS,Oil rents (% of GDP)
SGP,1961,,NY.GDP.PETR.RT.ZS,Oil rents (% of GDP)
SGP,1962,,NY.GDP.PETR.RT.ZS,Oil rents (% of GDP)
SGP,1963,,NY.GDP.PETR.RT.ZS,Oil rents (% of GDP)
SGP,1964,,NY.GDP.PETR.RT.ZS,Oil rents (% of GDP)
SGP,1965,,NY.GDP.PETR.RT.ZS,Oil rents (% of GDP)
SGP,1966,,NY.GDP.PETR.RT.ZS,Oil rents (% of GDP)
SGP,1967,,NY.GDP.PETR.RT.ZS,Oil rents (% of GDP)
SGP,1968,,NY.GDP.PETR.RT.ZS,Oil rents (% of GDP)
SGP,1969,,NY.GDP.PETR.RT.ZS,Oil rents (% of GDP)
SGP,1970,,NY.GDP.PETR.RT.ZS,Oil rents (% of GDP)
SGP,1971,0.0,NY.GDP.PETR.RT.ZS,Oil rents (% of GDP)
SGP,1972,0.0,NY.GDP.PETR.RT.ZS,Oil rents (% of GDP)
SGP,1973,0.0,NY.GDP.PETR.RT.ZS,Oil rents (% of GDP)
SGP,1974,0.0,NY.GDP.PETR.RT.ZS,Oil rents (% of GDP)
SGP,1975,0.0,NY.GDP.PETR.RT.ZS,Oil rents (% of GDP)
SGP,1976,0.0,NY.GDP.PETR.RT.ZS,Oil rents (% of GDP)
SGP,1977,0.0,NY.GDP.PETR.RT.ZS,Oil rents (% of GDP)
SGP,1978,0.0,NY.GDP.PETR.RT.ZS,Oil rents (% of GDP)
SGP,1979,0.0,NY.GDP.PETR.RT.ZS,Oil rents (% of GDP)
SGP,1980,0.0,NY.GDP.PETR.RT.ZS,Oil rents (% of GDP)
SGP,1981,0.0,NY.GDP.PETR.RT.ZS,Oil rents (% of GDP)
SGP,1982,0.0,NY.GDP.PETR.RT.ZS,Oil rents (% of GDP)
SGP,1983,0.0,NY.GDP.PETR.RT.ZS,Oil rents (% of GDP)
SGP,1984,0.0,NY.GDP.PETR.RT.ZS,Oil rents (% of GDP)
SGP,1985,0.0,NY.GDP.PETR.RT.ZS,Oil rents (% of GDP)
SGP,1986,0.0,NY.GDP.PETR.RT.ZS,Oil rents (% of GDP)
SGP,1987,0.0,NY.GDP.PETR.RT.ZS,Oil rents (% of GDP)
SGP,1988,0.0,NY.GDP.PETR.RT.ZS,Oil rents (% of GDP)
SGP,1989,0.0,NY.GDP.PETR.RT.ZS,Oil rents (% of GDP)
SGP,1990,0.0,NY.GDP.PETR.RT.ZS,Oil rents (% of GDP)
SGP,1991,0.0,NY.GDP.PETR.RT.ZS,Oil rents (% of GDP)
SGP,1992,0.0,NY.GDP.PETR.RT.ZS,Oil rents (% of GDP)
SGP,1993,0.0,NY.GDP.PETR.RT.ZS,Oil rents (% of GDP)
SGP,1994,0.0,NY.GDP.PETR.RT.ZS,Oil rents (% of GDP)
SGP,1995,0.0,NY.GDP.PETR.RT.ZS,Oil rents (% of GDP)
SGP,1996,0.0,NY.GDP.PETR.RT.ZS,Oil rents (% of GDP)
SGP,1997,0.0,NY.GDP.PETR.RT.ZS,Oil rents (% of GDP)
SGP,1998,0.0,NY.GDP.PETR.RT.ZS,Oil rents (% of GDP)
SGP,1999,0.0,NY.GDP.PETR.RT.ZS,Oil rents (% of GDP)
SGP,2000,0.0,NY.GDP.PETR.RT.ZS,Oil rents (% of GDP)
SGP,2001,0.0,NY.GDP.PETR.RT.ZS,Oil rents (% of GDP)
SGP,2002,0.0,NY.GDP.PETR.RT.ZS,Oil rents (% of GDP)
SGP,2003,0.0,NY.GDP.PETR.RT.ZS,Oil rents (% of GDP)
SGP,2004,0.0,NY.GDP.PETR.RT.ZS,Oil rents (% of GDP)
SGP,2005,0.000219094740218199,NY.GDP.PETR.RT.ZS,Oil rents (% of GDP)
SGP,2006,0.00333182989614928,NY.GDP.PETR.RT.ZS,Oil rents (% of GDP)
SGP,2007,0.00646001510314827,NY.GDP.PETR.RT.ZS,Oil rents (% of GDP)
SGP,2008,0.0247658429846694,NY.GDP.PETR.RT.ZS,Oil rents (% of GDP)
SGP,2009,0.0062081095239493,NY.GDP.PETR.RT.ZS,Oil rents (% of GDP)
SGP,2010,0.0380589445820771,NY.GDP.PETR.RT.ZS,Oil rents (% of GDP)
SGP,2011,0.153787333426844,NY.GDP.PETR.RT.ZS,Oil rents (% of GDP)
SGP,2012,0.142898804490871,NY.GDP.PETR.RT.ZS,Oil rents (% of GDP)
SGP,2013,0.11912189370539,NY.GDP.PETR.RT.ZS,Oil rents (% of GDP)
SGP,2014,0.104388992582944,NY.GDP.PETR.RT.ZS,Oil rents (% of GDP)
SGP,2015,0.0340084198311141,NY.GDP.PETR.RT.ZS,Oil rents (% of GDP)
SGP,2016,0.0289302386437418,NY.GDP.PETR.RT.ZS,Oil rents (% of GDP)
SGP,2017,0.0,NY.GDP.PETR.RT.ZS,Oil rents (% of GDP)
SGP,2018,0.0,NY.GDP.PETR.RT.ZS,Oil rents (% of GDP)
SGP,2019,0.0,NY.GDP.PETR.RT.ZS,Oil rents (% of GDP)
SGP,2020,0.0,NY.GDP.PETR.RT.ZS,Oil rents (% of GDP)
SGP,2021,0.0,NY.GDP.PETR.RT.ZS,Oil rents (% of GDP)
SGP,2022,,NY.GDP.PETR.RT.ZS,Oil rents (% of GDP)
SGP,2023,,NY.GDP.PETR.RT.ZS,Oil rents (% of GDP)
SGP,2024,,NY.GDP.PETR.RT.ZS,Oil rents (% of GDP)
SGP,2025,,NY.GDP.PETR.RT.ZS,Oil rents (% of GDP)
USA,1960,,NY.GDP.PETR.RT.ZS,Oil rents (% of GDP)
USA,1961,,NY.GDP.PETR.RT.ZS,Oil rents (% of GDP)
USA,1962,,NY.GDP.PETR.RT.ZS,Oil rents (% of GDP)
USA,1963,,NY.GDP.PETR.RT.ZS,Oil rents (% of GDP)
USA,1964,,NY.GDP.PETR.RT.ZS,Oil rents (% of GDP)
USA,1965,,NY.GDP.PETR.RT.ZS,Oil rents (% of GDP)
USA,1966,,NY.GDP.PETR.RT.ZS,Oil rents (% of GDP)
USA,1967,,NY.GDP.PETR.RT.ZS,Oil rents (% of GDP)
USA,1968,,NY.GDP.PETR.RT.ZS,Oil rents (% of GDP)
USA,1969,,NY.GDP.PETR.RT.ZS,Oil rents (% of GDP)
USA,1970,0.279989372342679,NY.GDP.PETR.RT.ZS,Oil rents (% of GDP)
USA,1971,0.333818779233431,NY.GDP.PETR.RT.ZS,Oil rents (% of GDP)
USA,1972,0.363638993962318,NY.GDP.PETR.RT.ZS,Oil rents (% of GDP)
USA,1973,0.349942007908993,NY.GDP.PETR.RT.ZS,Oil rents (% of GDP)
USA,1974,1.57098999295941,NY.GDP.PETR.RT.ZS,Oil rents (% of GDP)
USA,1975,1.46934176729797,NY.GDP.PETR.RT.ZS,Oil rents (% of GDP)
USA,1976,1.45988735231272,NY.GDP.PETR.RT.ZS,Oil rents (% of GDP)
USA,1977,1.48212564068025,NY.GDP.PETR.RT.ZS,Oil rents (% of GDP)
USA,1978,1.41341674463219,NY.GDP.PETR.RT.ZS,Oil rents (% of GDP)
USA,1979,2.51516039030815,NY.GDP.PETR.RT.ZS,Oil rents (% of GDP)
USA,1980,3.14542283209538,NY.GDP.PETR.RT.ZS,Oil rents (% of GDP)
USA,1981,2.11596334266715,NY.GDP.PETR.RT.ZS,Oil rents (% of GDP)
USA,1982,1.29086632276152,NY.GDP.PETR.RT.ZS,Oil rents (% of GDP)
USA,1983,1.54215958455701,NY.GDP.PETR.RT.ZS,Oil rents (% of GDP)
USA,1984,1.28028340415492,NY.GDP.PETR.RT.ZS,Oil rents (% of GDP)
USA,1985,1.20811027948043,NY.GDP.PETR.RT.ZS,Oil rents (% of GDP)
USA,1986,0.485560804966156,NY.GDP.PETR.RT.ZS,Oil rents (% of GDP)
USA,1987,0.690238832057989,NY.GDP.PETR.RT.ZS,Oil rents (% of GDP)
USA,1988,0.431203634958859,NY.GDP.PETR.RT.ZS,Oil rents (% of GDP)
USA,1989,0.539633871691538,NY.GDP.PETR.RT.ZS,Oil rents (% of GDP)
USA,1990,0.703237008212799,NY.GDP.PETR.RT.ZS,Oil rents (% of GDP)
USA,1991,0.477258781741128,NY.GDP.PETR.RT.ZS,Oil rents (% of GDP)
USA,1992,0.44187309463968,NY.GDP.PETR.RT.ZS,Oil rents (% of GDP)
USA,1993,0.348054380702048,NY.GDP.PETR.RT.ZS,Oil rents (% of GDP)
USA,1994,0.292003228041599,NY.GDP.PETR.RT.ZS,Oil rents (% of GDP)
USA,1995,0.295556544481324,NY.GDP.PETR.RT.ZS,Oil rents (% of GDP)
USA,1996,0.35131163624796,NY.GDP.PETR.RT.ZS,Oil rents (% of GDP)
USA,1997,0.203604050521625,NY.GDP.PETR.RT.ZS,Oil rents (% of GDP)
USA,1998,0.0755585072910338,NY.GDP.PETR.RT.ZS,Oil rents (% of GDP)
USA,1999,0.164264516670651,NY.GDP.PETR.RT.ZS,Oil rents (% of GDP)
USA,2000,0.307551276869583,NY.GDP.PETR.RT.ZS,Oil rents (% of GDP)
USA,2001,0.16943295765488,NY.GDP.PETR.RT.ZS,Oil rents (% of GDP)
USA,2002,0.172817088546724,NY.GDP.PETR.RT.ZS,Oil rents (% of GDP)
USA,2003,0.211788525599514,NY.GDP.PETR.RT.ZS,Oil rents (% of GDP)
USA,2004,0.283170634743015,NY.GDP.PETR.RT.ZS,Oil rents (% of GDP)
USA,2005,0.350823193456479,NY.GDP.PETR.RT.ZS,Oil rents (% of GDP)
USA,2006,0.349464272960025,NY.GDP.PETR.RT.ZS,Oil rents (% of GDP)
USA,2007,0.356897499234572,NY.GDP.PETR.RT.ZS,Oil rents (% of GDP)
USA,2008,0.521498895801413,NY.GDP.PETR.RT.ZS,Oil rents (% of GDP)
USA,2009,0.259640404387642,NY.GDP.PETR.RT.ZS,Oil rents (% of GDP)
USA,2010,0.293762700279441,NY.GDP.PETR.RT.ZS,Oil rents (% of GDP)
USA,2011,0.370845235110237,NY.GDP.PETR.RT.ZS,Oil rents (% of GDP)
USA,2012,0.205925846170308,NY.GDP.PETR.RT.ZS,Oil rents (% of GDP)
USA,2013,0.305650080049118,NY.GDP.PETR.RT.ZS,Oil rents (% of GDP)
USA,2014,0.292226566231044,NY.GDP.PETR.RT.ZS,Oil rents (% of GDP)
USA,2015,0.00752518064782254,NY.GDP.PETR.RT.ZS,Oil rents (% of GDP)
USA,2016,0.0922955001311894,NY.GDP.PETR.RT.ZS,Oil rents (% of GDP)
USA,2017,0.162525850896316,NY.GDP.PETR.RT.ZS,Oil rents (% of GDP)
USA,2018,0.319247607054063,NY.GDP.PETR.RT.ZS,Oil rents (% of GDP)
USA,2019,0.368544560120872,NY.GDP.PETR.RT.ZS,Oil rents (% of GDP)
USA,2020,0.187625106322478,NY.GDP.PETR.RT.ZS,Oil rents (% of GDP)
USA,2021,0.61148265568772,NY.GDP.PETR.RT.ZS,Oil rents (% of GDP)
USA,2022,,NY.GDP.PETR.RT.ZS,Oil rents (% of GDP)
USA,2023,,NY.GDP.PETR.RT.ZS,Oil rents (% of GDP)
USA,2024,,NY.GDP.PETR.RT.ZS,Oil rents (% of GDP)
USA,2025,,NY.GDP.PETR.RT.ZS,Oil rents (% of GDP)
ZAF,1960,,NY.GDP.PETR.RT.ZS,Oil rents (% of GDP)
ZAF,1961,,NY.GDP.PETR.RT.ZS,Oil rents (% of GDP)
ZAF,1962,,NY.GDP.PETR.RT.ZS,Oil rents (% of GDP)
ZAF,1963,,NY.GDP.PETR.RT.ZS,Oil rents (% of GDP)
ZAF,1964,,NY.GDP.PETR.RT.ZS,Oil rents (% of GDP)
ZAF,1965,,NY.GDP.PETR.RT.ZS,Oil rents (% of GDP)
ZAF,1966,,NY.GDP.PETR.RT.ZS,Oil rents (% of GDP)
ZAF,1967,,NY.GDP.PETR.RT.ZS,Oil rents (% of GDP)
ZAF,1968,,NY.GDP.PETR.RT.ZS,Oil rents (% of GDP)
ZAF,1969,,NY.GDP.PETR.RT.ZS,Oil rents (% of GDP)
ZAF,1970,,NY.GDP.PETR.RT.ZS,Oil rents (% of GDP)
ZAF,1971,0.0,NY.GDP.PETR.RT.ZS,Oil rents (% of GDP)
ZAF,1972,0.0,NY.GDP.PETR.RT.ZS,Oil rents (% of GDP)
ZAF,1973,0.0,NY.GDP.PETR.RT.ZS,Oil rents (% of GDP)
ZAF,1974,0.0,NY.GDP.PETR.RT.ZS,Oil rents (% of GDP)
ZAF,1975,0.0,NY.GDP.PETR.RT.ZS,Oil rents (% of GDP)
ZAF,1976,0.0,NY.GDP.PETR.RT.ZS,Oil rents (% of GDP)
ZAF,1977,0.0,NY.GDP.PETR.RT.ZS,Oil rents (% of GDP)
ZAF,1978,0.0,NY.GDP.PETR.RT.ZS,Oil rents (% of GDP)
ZAF,1979,0.0,NY.GDP.PETR.RT.ZS,Oil rents (% of GDP)
ZAF,1980,0.0,NY.GDP.PETR.RT.ZS,Oil rents (% of GDP)
ZAF,1981,0.0191819835947277,NY.GDP.PETR.RT.ZS,Oil rents (% of GDP)
ZAF,1982,0.0406483729247464,NY.GDP.PETR.RT.ZS,Oil rents (% of GDP)
ZAF,1983,0.207673321400094,NY.GDP.PETR.RT.ZS,Oil rents (% of GDP)
ZAF,1984,0.274576882639089,NY.GDP.PETR.RT.ZS,Oil rents (% of GDP)
ZAF,1985,0.429008955843183,NY.GDP.PETR.RT.ZS,Oil rents (% of GDP)
ZAF,1986,0.129578350833181,NY.GDP.PETR.RT.ZS,Oil rents (% of GDP)
ZAF,1987,0.229737194311881,NY.GDP.PETR.RT.ZS,Oil rents (% of GDP)
ZAF,1988,0.161666768811563,NY.GDP.PETR.RT.ZS,Oil rents (% of GDP)
ZAF,1989,0.319466235241048,NY.GDP.PETR.RT.ZS,Oil rents (% of GDP)
ZAF,1990,0.368890187963349,NY.GDP.PETR.RT.ZS,Oil rents (% of GDP)
ZAF,1991,0.186432808651612,NY.GDP.PETR.RT.ZS,Oil rents (% of GDP)
ZAF,1992,0.358925082360254,NY.GDP.PETR.RT.ZS,Oil rents (% of GDP)
ZAF,1993,0.490739115582505,NY.GDP.PETR.RT.ZS,Oil rents (% of GDP)
ZAF,1994,0.389976747660543,NY.GDP.PETR.RT.ZS,Oil rents (% of GDP)
ZAF,1995,0.411957330500316,NY.GDP.PETR.RT.ZS,Oil rents (% of GDP)
ZAF,1996,0.517240207134734,NY.GDP.PETR.RT.ZS,Oil rents (% of GDP)
ZAF,1997,0.464343725618029,NY.GDP.PETR.RT.ZS,Oil rents (% of GDP)
ZAF,1998,0.249196312082744,NY.GDP.PETR.RT.ZS,Oil rents (% of GDP)
ZAF,1999,0.379937820037954,NY.GDP.PETR.RT.ZS,Oil rents (% of GDP)
ZAF,2000,0.875739339218175,NY.GDP.PETR.RT.ZS,Oil rents (% of GDP)
ZAF,2001,0.745230225250187,NY.GDP.PETR.RT.ZS,Oil rents (% of GDP)
ZAF,2002,0.832634911746463,NY.GDP.PETR.RT.ZS,Oil rents (% of GDP)
ZAF,2003,0.536032181150966,NY.GDP.PETR.RT.ZS,Oil rents (% of GDP)
ZAF,2004,0.667895474741674,NY.GDP.PETR.RT.ZS,Oil rents (% of GDP)
ZAF,2005,0.868907024012435,NY.GDP.PETR.RT.ZS,Oil rents (% of GDP)
ZAF,2006,0.921713555012485,NY.GDP.PETR.RT.ZS,Oil rents (% of GDP)
ZAF,2007,0.95369683953937,NY.GDP.PETR.RT.ZS,Oil rents (% of GDP)
ZAF,2008,1.37926877732773,NY.GDP.PETR.RT.ZS,Oil rents (% of GDP)
ZAF,2009,0.593295688910259,NY.GDP.PETR.RT.ZS,Oil rents (% of GDP)
ZAF,2010,0.707879978156825,NY.GDP.PETR.RT.ZS,Oil rents (% of GDP)
ZAF,2011,0.964145883537292,NY.GDP.PETR.RT.ZS,Oil rents (% of GDP)
ZAF,2012,0.9800580532574,NY.GDP.PETR.RT.ZS,Oil rents (% of GDP)
ZAF,2013,0.949068014891185,NY.GDP.PETR.RT.ZS,Oil rents (% of GDP)
ZAF,2014,0.692856799731489,NY.GDP.PETR.RT.ZS,Oil rents (% of GDP)
ZAF,2015,0.194337594746037,NY.GDP.PETR.RT.ZS,Oil rents (% of GDP)
ZAF,2016,0.182131538345159,NY.GDP.PETR.RT.ZS,Oil rents (% of GDP)
ZAF,2017,0.291332796001722,NY.GDP.PETR.RT.ZS,Oil rents (% of GDP)
ZAF,2018,0.407106590566775,NY.GDP.PETR.RT.ZS,Oil rents (% of GDP)
ZAF,2019,0.372819688324446,NY.GDP.PETR.RT.ZS,Oil rents (% of GDP)
ZAF,2020,0.213036196999097,NY.GDP.PETR.RT.ZS,Oil rents (% of GDP)
ZAF,2021,0.395954206545834,NY.GDP.PETR.RT.ZS,Oil rents (% of GDP)
ZAF,2022,,NY.GDP.PETR.RT.ZS,Oil rents (% of GDP)
ZAF,2023,,NY.GDP.PETR.RT.ZS,Oil rents (% of GDP)
ZAF,2024,,NY.GDP.PETR.RT.ZS,Oil rents (% of GDP)
ZAF,2025,,NY.GDP.PETR.RT.ZS,Oil rents (% of GDP)
